numDepartement;nomDepartement
1;AIN
1;AIN
1;AIN
1;AIN
1;AIN
1;AIN
1;AIN
1;AIN
1;AIN
1;AIN
1;AIN
1;AIN
1;AIN
1;AIN
1;AIN
1;AIN
1;AIN
1;AIN
1;AIN
1;AIN
1;AIN
1;AIN
1;AIN
1;AIN
1;AIN
1;AIN
1;AIN
1;AIN
1;AIN
1;AIN
1;AIN
1;AIN
1;AIN
1;AIN
1;AIN
1;AIN
1;AIN
1;AIN
1;AIN
2;AISNE
1;AIN
2;AISNE
1;AIN
2;AISNE
1;AIN
2;AISNE
1;AIN
2;AISNE
1;AIN
2;AISNE
1;AIN
2;AISNE
1;AIN
2;AISNE
1;AIN
2;AISNE
1;AIN
2;AISNE
1;AIN
2;AISNE
1;AIN
2;AISNE
1;AIN
2;AISNE
1;AIN
2;AISNE
1;AIN
2;AISNE
1;AIN
2;AISNE
1;AIN
2;AISNE
2;AISNE
2;AISNE
3;ALLIER
3;ALLIER
3;ALLIER
3;ALLIER
3;ALLIER
3;ALLIER
3;ALLIER
3;ALLIER
3;ALLIER
3;ALLIER
3;ALLIER
3;ALLIER
3;ALLIER
3;ALLIER
3;ALLIER
3;ALLIER
3;ALLIER
2;AISNE
3;ALLIER
2;AISNE
3;ALLIER
2;AISNE
4;ALPES-DE-HAUTE-PROVENCE
2;AISNE
4;ALPES-DE-HAUTE-PROVENCE
2;AISNE
4;ALPES-DE-HAUTE-PROVENCE
2;AISNE
4;ALPES-DE-HAUTE-PROVENCE
2;AISNE
4;ALPES-DE-HAUTE-PROVENCE
2;AISNE
4;ALPES-DE-HAUTE-PROVENCE
2;AISNE
4;ALPES-DE-HAUTE-PROVENCE
2;AISNE
4;ALPES-DE-HAUTE-PROVENCE
2;AISNE
4;ALPES-DE-HAUTE-PROVENCE
2;AISNE
4;ALPES-DE-HAUTE-PROVENCE
2;AISNE
4;ALPES-DE-HAUTE-PROVENCE
2;AISNE
4;ALPES-DE-HAUTE-PROVENCE
2;AISNE
4;ALPES-DE-HAUTE-PROVENCE
2;AISNE
4;ALPES-DE-HAUTE-PROVENCE
2;AISNE
4;ALPES-DE-HAUTE-PROVENCE
2;AISNE
4;ALPES-DE-HAUTE-PROVENCE
2;AISNE
4;ALPES-DE-HAUTE-PROVENCE
2;AISNE
4;ALPES-DE-HAUTE-PROVENCE
2;AISNE
4;ALPES-DE-HAUTE-PROVENCE
2;AISNE
5;HAUTES-ALPES
2;AISNE
5;HAUTES-ALPES
2;AISNE
5;HAUTES-ALPES
2;AISNE
5;HAUTES-ALPES
2;AISNE
5;HAUTES-ALPES
2;AISNE
5;HAUTES-ALPES
2;AISNE
5;HAUTES-ALPES
2;AISNE
5;HAUTES-ALPES
2;AISNE
5;HAUTES-ALPES
2;AISNE
5;HAUTES-ALPES
2;AISNE
5;HAUTES-ALPES
2;AISNE
5;HAUTES-ALPES
2;AISNE
5;HAUTES-ALPES
2;AISNE
5;HAUTES-ALPES
2;AISNE
5;HAUTES-ALPES
5;HAUTES-ALPES
5;HAUTES-ALPES
5;HAUTES-ALPES
5;HAUTES-ALPES
6;ALPES-MARITIMES
6;ALPES-MARITIMES
6;ALPES-MARITIMES
6;ALPES-MARITIMES
6;ALPES-MARITIMES
6;ALPES-MARITIMES
6;ALPES-MARITIMES
6;ALPES-MARITIMES
6;ALPES-MARITIMES
6;ALPES-MARITIMES
6;ALPES-MARITIMES
6;ALPES-MARITIMES
6;ALPES-MARITIMES
6;ALPES-MARITIMES
6;ALPES-MARITIMES
3;ALLIER
6;ALPES-MARITIMES
3;ALLIER
6;ALPES-MARITIMES
3;ALLIER
6;ALPES-MARITIMES
3;ALLIER
6;ALPES-MARITIMES
3;ALLIER
7;ARDECHE
3;ALLIER
7;ARDECHE
3;ALLIER
7;ARDECHE
3;ALLIER
7;ARDECHE
3;ALLIER
7;ARDECHE
3;ALLIER
7;ARDECHE
3;ALLIER
7;ARDECHE
3;ALLIER
7;ARDECHE
3;ALLIER
7;ARDECHE
3;ALLIER
7;ARDECHE
3;ALLIER
7;ARDECHE
3;ALLIER
7;ARDECHE
3;ALLIER
7;ARDECHE
3;ALLIER
7;ARDECHE
3;ALLIER
7;ARDECHE
3;ALLIER
7;ARDECHE
3;ALLIER
7;ARDECHE
3;ALLIER
7;ARDECHE
3;ALLIER
7;ARDECHE
3;ALLIER
8;ARDENNES
3;ALLIER
8;ARDENNES
3;ALLIER
8;ARDENNES
3;ALLIER
8;ARDENNES
3;ALLIER
8;ARDENNES
3;ALLIER
8;ARDENNES
3;ALLIER
8;ARDENNES
3;ALLIER
8;ARDENNES
3;ALLIER
8;ARDENNES
3;ALLIER
8;ARDENNES
3;ALLIER
8;ARDENNES
3;ALLIER
8;ARDENNES
3;ALLIER
8;ARDENNES
8;ARDENNES
8;ARDENNES
8;ARDENNES
8;ARDENNES
8;ARDENNES
8;ARDENNES
9;ARIEGE
9;ARIEGE
9;ARIEGE
9;ARIEGE
9;ARIEGE
9;ARIEGE
9;ARIEGE
9;ARIEGE
9;ARIEGE
9;ARIEGE
9;ARIEGE
9;ARIEGE
9;ARIEGE
4;ALPES-DE-HAUTE-PROVENCE
9;ARIEGE
4;ALPES-DE-HAUTE-PROVENCE
9;ARIEGE
4;ALPES-DE-HAUTE-PROVENCE
9;ARIEGE
4;ALPES-DE-HAUTE-PROVENCE
9;ARIEGE
4;ALPES-DE-HAUTE-PROVENCE
9;ARIEGE
4;ALPES-DE-HAUTE-PROVENCE
9;ARIEGE
4;ALPES-DE-HAUTE-PROVENCE
10;AUBE
4;ALPES-DE-HAUTE-PROVENCE
10;AUBE
4;ALPES-DE-HAUTE-PROVENCE
10;AUBE
4;ALPES-DE-HAUTE-PROVENCE
10;AUBE
4;ALPES-DE-HAUTE-PROVENCE
10;AUBE
4;ALPES-DE-HAUTE-PROVENCE
10;AUBE
4;ALPES-DE-HAUTE-PROVENCE
10;AUBE
4;ALPES-DE-HAUTE-PROVENCE
10;AUBE
4;ALPES-DE-HAUTE-PROVENCE
10;AUBE
4;ALPES-DE-HAUTE-PROVENCE
10;AUBE
4;ALPES-DE-HAUTE-PROVENCE
10;AUBE
4;ALPES-DE-HAUTE-PROVENCE
10;AUBE
4;ALPES-DE-HAUTE-PROVENCE
10;AUBE
4;ALPES-DE-HAUTE-PROVENCE
10;AUBE
4;ALPES-DE-HAUTE-PROVENCE
10;AUBE
4;ALPES-DE-HAUTE-PROVENCE
10;AUBE
4;ALPES-DE-HAUTE-PROVENCE
10;AUBE
4;ALPES-DE-HAUTE-PROVENCE
10;AUBE
4;ALPES-DE-HAUTE-PROVENCE
10;AUBE
4;ALPES-DE-HAUTE-PROVENCE
11;AUDE
4;ALPES-DE-HAUTE-PROVENCE
11;AUDE
4;ALPES-DE-HAUTE-PROVENCE
11;AUDE
4;ALPES-DE-HAUTE-PROVENCE
11;AUDE
4;ALPES-DE-HAUTE-PROVENCE
11;AUDE
4;ALPES-DE-HAUTE-PROVENCE
11;AUDE
4;ALPES-DE-HAUTE-PROVENCE
11;AUDE
4;ALPES-DE-HAUTE-PROVENCE
11;AUDE
4;ALPES-DE-HAUTE-PROVENCE
11;AUDE
4;ALPES-DE-HAUTE-PROVENCE
11;AUDE
4;ALPES-DE-HAUTE-PROVENCE
11;AUDE
11;AUDE
11;AUDE
11;AUDE
11;AUDE
11;AUDE
11;AUDE
11;AUDE
11;AUDE
12;AVEYRON
12;AVEYRON
12;AVEYRON
12;AVEYRON
12;AVEYRON
12;AVEYRON
12;AVEYRON
12;AVEYRON
12;AVEYRON
12;AVEYRON
12;AVEYRON
5;HAUTES-ALPES
12;AVEYRON
5;HAUTES-ALPES
12;AVEYRON
5;HAUTES-ALPES
12;AVEYRON
5;HAUTES-ALPES
12;AVEYRON
5;HAUTES-ALPES
12;AVEYRON
5;HAUTES-ALPES
12;AVEYRON
5;HAUTES-ALPES
12;AVEYRON
5;HAUTES-ALPES
12;AVEYRON
5;HAUTES-ALPES
13;BOUCHES-DU-RHONE
5;HAUTES-ALPES
13;BOUCHES-DU-RHONE
5;HAUTES-ALPES
13;BOUCHES-DU-RHONE
5;HAUTES-ALPES
13;BOUCHES-DU-RHONE
5;HAUTES-ALPES
13;BOUCHES-DU-RHONE
5;HAUTES-ALPES
13;BOUCHES-DU-RHONE
5;HAUTES-ALPES
13;BOUCHES-DU-RHONE
5;HAUTES-ALPES
13;BOUCHES-DU-RHONE
5;HAUTES-ALPES
13;BOUCHES-DU-RHONE
5;HAUTES-ALPES
13;BOUCHES-DU-RHONE
5;HAUTES-ALPES
13;BOUCHES-DU-RHONE
5;HAUTES-ALPES
13;BOUCHES-DU-RHONE
5;HAUTES-ALPES
13;BOUCHES-DU-RHONE
5;HAUTES-ALPES
13;BOUCHES-DU-RHONE
5;HAUTES-ALPES
13;BOUCHES-DU-RHONE
5;HAUTES-ALPES
13;BOUCHES-DU-RHONE
5;HAUTES-ALPES
13;BOUCHES-DU-RHONE
5;HAUTES-ALPES
13;BOUCHES-DU-RHONE
5;HAUTES-ALPES
13;BOUCHES-DU-RHONE
5;HAUTES-ALPES
14;CALVADOS
5;HAUTES-ALPES
14;CALVADOS
5;HAUTES-ALPES
14;CALVADOS
5;HAUTES-ALPES
14;CALVADOS
5;HAUTES-ALPES
14;CALVADOS
5;HAUTES-ALPES
14;CALVADOS
5;HAUTES-ALPES
14;CALVADOS
5;HAUTES-ALPES
14;CALVADOS
5;HAUTES-ALPES
14;CALVADOS
14;CALVADOS
14;CALVADOS
14;CALVADOS
14;CALVADOS
14;CALVADOS
14;CALVADOS
14;CALVADOS
14;CALVADOS
14;CALVADOS
14;CALVADOS
15;CANTAL
15;CANTAL
15;CANTAL
15;CANTAL
15;CANTAL
15;CANTAL
15;CANTAL
15;CANTAL
15;CANTAL
6;ALPES-MARITIMES
15;CANTAL
6;ALPES-MARITIMES
15;CANTAL
6;ALPES-MARITIMES
15;CANTAL
6;ALPES-MARITIMES
15;CANTAL
6;ALPES-MARITIMES
15;CANTAL
6;ALPES-MARITIMES
15;CANTAL
6;ALPES-MARITIMES
15;CANTAL
6;ALPES-MARITIMES
15;CANTAL
6;ALPES-MARITIMES
15;CANTAL
6;ALPES-MARITIMES
15;CANTAL
6;ALPES-MARITIMES
16;CHARENTE
6;ALPES-MARITIMES
16;CHARENTE
6;ALPES-MARITIMES
16;CHARENTE
6;ALPES-MARITIMES
16;CHARENTE
6;ALPES-MARITIMES
16;CHARENTE
6;ALPES-MARITIMES
16;CHARENTE
6;ALPES-MARITIMES
16;CHARENTE
6;ALPES-MARITIMES
16;CHARENTE
6;ALPES-MARITIMES
16;CHARENTE
6;ALPES-MARITIMES
16;CHARENTE
6;ALPES-MARITIMES
16;CHARENTE
6;ALPES-MARITIMES
16;CHARENTE
6;ALPES-MARITIMES
16;CHARENTE
6;ALPES-MARITIMES
16;CHARENTE
6;ALPES-MARITIMES
16;CHARENTE
6;ALPES-MARITIMES
16;CHARENTE
6;ALPES-MARITIMES
16;CHARENTE
6;ALPES-MARITIMES
16;CHARENTE
6;ALPES-MARITIMES
16;CHARENTE
6;ALPES-MARITIMES
17;CHARENTE-MARITIME
6;ALPES-MARITIMES
17;CHARENTE-MARITIME
6;ALPES-MARITIMES
17;CHARENTE-MARITIME
6;ALPES-MARITIMES
17;CHARENTE-MARITIME
6;ALPES-MARITIMES
17;CHARENTE-MARITIME
6;ALPES-MARITIMES
17;CHARENTE-MARITIME
6;ALPES-MARITIMES
17;CHARENTE-MARITIME
17;CHARENTE-MARITIME
17;CHARENTE-MARITIME
17;CHARENTE-MARITIME
17;CHARENTE-MARITIME
17;CHARENTE-MARITIME
17;CHARENTE-MARITIME
17;CHARENTE-MARITIME
17;CHARENTE-MARITIME
17;CHARENTE-MARITIME
17;CHARENTE-MARITIME
17;CHARENTE-MARITIME
17;CHARENTE-MARITIME
18;CHER
18;CHER
18;CHER
18;CHER
18;CHER
18;CHER
18;CHER
7;ARDECHE
18;CHER
7;ARDECHE
18;CHER
7;ARDECHE
18;CHER
7;ARDECHE
18;CHER
7;ARDECHE
18;CHER
7;ARDECHE
18;CHER
7;ARDECHE
18;CHER
7;ARDECHE
18;CHER
7;ARDECHE
18;CHER
7;ARDECHE
18;CHER
7;ARDECHE
18;CHER
7;ARDECHE
18;CHER
7;ARDECHE
19;CORREZE
7;ARDECHE
19;CORREZE
7;ARDECHE
19;CORREZE
7;ARDECHE
19;CORREZE
7;ARDECHE
19;CORREZE
7;ARDECHE
19;CORREZE
7;ARDECHE
19;CORREZE
7;ARDECHE
19;CORREZE
7;ARDECHE
19;CORREZE
7;ARDECHE
19;CORREZE
7;ARDECHE
19;CORREZE
7;ARDECHE
19;CORREZE
7;ARDECHE
19;CORREZE
7;ARDECHE
19;CORREZE
7;ARDECHE
19;CORREZE
7;ARDECHE
19;CORREZE
7;ARDECHE
19;CORREZE
7;ARDECHE
19;CORREZE
7;ARDECHE
19;CORREZE
7;ARDECHE
2A;CORSE-DU-SUD
7;ARDECHE
2A;CORSE-DU-SUD
7;ARDECHE
2A;CORSE-DU-SUD
7;ARDECHE
2A;CORSE-DU-SUD
7;ARDECHE
2A;CORSE-DU-SUD
2A;CORSE-DU-SUD
2A;CORSE-DU-SUD
2A;CORSE-DU-SUD
2A;CORSE-DU-SUD
2A;CORSE-DU-SUD
2A;CORSE-DU-SUD
2A;CORSE-DU-SUD
2A;CORSE-DU-SUD
2A;CORSE-DU-SUD
2A;CORSE-DU-SUD
2A;CORSE-DU-SUD
2A;CORSE-DU-SUD
2A;CORSE-DU-SUD
2A;CORSE-DU-SUD
2B;HAUTE-CORSE
2B;HAUTE-CORSE
2B;HAUTE-CORSE
2B;HAUTE-CORSE
2B;HAUTE-CORSE
8;ARDENNES
2B;HAUTE-CORSE
8;ARDENNES
2B;HAUTE-CORSE
8;ARDENNES
2B;HAUTE-CORSE
8;ARDENNES
2B;HAUTE-CORSE
8;ARDENNES
2B;HAUTE-CORSE
8;ARDENNES
2B;HAUTE-CORSE
8;ARDENNES
2B;HAUTE-CORSE
8;ARDENNES
2B;HAUTE-CORSE
8;ARDENNES
2B;HAUTE-CORSE
8;ARDENNES
2B;HAUTE-CORSE
8;ARDENNES
2B;HAUTE-CORSE
8;ARDENNES
2B;HAUTE-CORSE
8;ARDENNES
2B;HAUTE-CORSE
8;ARDENNES
2B;HAUTE-CORSE
8;ARDENNES
21;COTE-D'OR
8;ARDENNES
21;COTE-D'OR
8;ARDENNES
21;COTE-D'OR
8;ARDENNES
21;COTE-D'OR
8;ARDENNES
21;COTE-D'OR
8;ARDENNES
21;COTE-D'OR
8;ARDENNES
21;COTE-D'OR
8;ARDENNES
21;COTE-D'OR
8;ARDENNES
21;COTE-D'OR
8;ARDENNES
21;COTE-D'OR
8;ARDENNES
21;COTE-D'OR
8;ARDENNES
21;COTE-D'OR
8;ARDENNES
21;COTE-D'OR
8;ARDENNES
21;COTE-D'OR
8;ARDENNES
21;COTE-D'OR
8;ARDENNES
21;COTE-D'OR
8;ARDENNES
21;COTE-D'OR
8;ARDENNES
21;COTE-D'OR
8;ARDENNES
21;COTE-D'OR
8;ARDENNES
22;COTES-D'ARMOR
8;ARDENNES
22;COTES-D'ARMOR
8;ARDENNES
22;COTES-D'ARMOR
22;COTES-D'ARMOR
22;COTES-D'ARMOR
22;COTES-D'ARMOR
22;COTES-D'ARMOR
22;COTES-D'ARMOR
22;COTES-D'ARMOR
22;COTES-D'ARMOR
22;COTES-D'ARMOR
22;COTES-D'ARMOR
22;COTES-D'ARMOR
22;COTES-D'ARMOR
22;COTES-D'ARMOR
22;COTES-D'ARMOR
22;COTES-D'ARMOR
22;COTES-D'ARMOR
22;COTES-D'ARMOR
23;CREUSE
23;CREUSE
23;CREUSE
9;ARIEGE
23;CREUSE
9;ARIEGE
23;CREUSE
9;ARIEGE
23;CREUSE
9;ARIEGE
23;CREUSE
9;ARIEGE
23;CREUSE
9;ARIEGE
23;CREUSE
9;ARIEGE
23;CREUSE
9;ARIEGE
23;CREUSE
9;ARIEGE
23;CREUSE
9;ARIEGE
23;CREUSE
9;ARIEGE
23;CREUSE
9;ARIEGE
23;CREUSE
9;ARIEGE
23;CREUSE
9;ARIEGE
23;CREUSE
9;ARIEGE
23;CREUSE
9;ARIEGE
23;CREUSE
9;ARIEGE
24;DORDOGNE
9;ARIEGE
24;DORDOGNE
9;ARIEGE
24;DORDOGNE
9;ARIEGE
24;DORDOGNE
9;ARIEGE
24;DORDOGNE
9;ARIEGE
24;DORDOGNE
9;ARIEGE
24;DORDOGNE
9;ARIEGE
24;DORDOGNE
9;ARIEGE
24;DORDOGNE
9;ARIEGE
24;DORDOGNE
9;ARIEGE
24;DORDOGNE
9;ARIEGE
24;DORDOGNE
9;ARIEGE
24;DORDOGNE
9;ARIEGE
24;DORDOGNE
9;ARIEGE
24;DORDOGNE
9;ARIEGE
24;DORDOGNE
9;ARIEGE
24;DORDOGNE
9;ARIEGE
24;DORDOGNE
9;ARIEGE
24;DORDOGNE
9;ARIEGE
25;DOUBS
25;DOUBS
25;DOUBS
25;DOUBS
25;DOUBS
25;DOUBS
25;DOUBS
25;DOUBS
25;DOUBS
25;DOUBS
25;DOUBS
25;DOUBS
25;DOUBS
25;DOUBS
25;DOUBS
25;DOUBS
25;DOUBS
25;DOUBS
25;DOUBS
26;DROME
10;AUBE
26;DROME
10;AUBE
26;DROME
10;AUBE
26;DROME
10;AUBE
26;DROME
10;AUBE
26;DROME
10;AUBE
26;DROME
10;AUBE
26;DROME
10;AUBE
26;DROME
10;AUBE
26;DROME
10;AUBE
26;DROME
10;AUBE
26;DROME
10;AUBE
26;DROME
10;AUBE
26;DROME
10;AUBE
26;DROME
10;AUBE
26;DROME
10;AUBE
26;DROME
10;AUBE
26;DROME
10;AUBE
26;DROME
10;AUBE
27;EURE
10;AUBE
27;EURE
10;AUBE
27;EURE
10;AUBE
27;EURE
10;AUBE
27;EURE
10;AUBE
27;EURE
10;AUBE
27;EURE
10;AUBE
27;EURE
10;AUBE
27;EURE
10;AUBE
27;EURE
10;AUBE
27;EURE
10;AUBE
27;EURE
10;AUBE
27;EURE
10;AUBE
27;EURE
10;AUBE
27;EURE
10;AUBE
27;EURE
10;AUBE
27;EURE
10;AUBE
27;EURE
27;EURE
28;EURE-ET-LOIR
28;EURE-ET-LOIR
28;EURE-ET-LOIR
28;EURE-ET-LOIR
28;EURE-ET-LOIR
28;EURE-ET-LOIR
28;EURE-ET-LOIR
28;EURE-ET-LOIR
28;EURE-ET-LOIR
28;EURE-ET-LOIR
28;EURE-ET-LOIR
28;EURE-ET-LOIR
28;EURE-ET-LOIR
28;EURE-ET-LOIR
28;EURE-ET-LOIR
28;EURE-ET-LOIR
28;EURE-ET-LOIR
28;EURE-ET-LOIR
11;AUDE
28;EURE-ET-LOIR
11;AUDE
29;FINISTERE
11;AUDE
29;FINISTERE
11;AUDE
29;FINISTERE
11;AUDE
29;FINISTERE
11;AUDE
29;FINISTERE
11;AUDE
29;FINISTERE
11;AUDE
29;FINISTERE
11;AUDE
29;FINISTERE
11;AUDE
29;FINISTERE
11;AUDE
29;FINISTERE
11;AUDE
29;FINISTERE
11;AUDE
29;FINISTERE
11;AUDE
29;FINISTERE
11;AUDE
29;FINISTERE
11;AUDE
29;FINISTERE
11;AUDE
29;FINISTERE
11;AUDE
29;FINISTERE
11;AUDE
29;FINISTERE
11;AUDE
29;FINISTERE
11;AUDE
30;GARD
11;AUDE
30;GARD
11;AUDE
30;GARD
11;AUDE
30;GARD
11;AUDE
30;GARD
11;AUDE
30;GARD
11;AUDE
30;GARD
11;AUDE
30;GARD
11;AUDE
30;GARD
11;AUDE
30;GARD
11;AUDE
30;GARD
11;AUDE
30;GARD
11;AUDE
30;GARD
11;AUDE
30;GARD
11;AUDE
30;GARD
11;AUDE
30;GARD
30;GARD
30;GARD
30;GARD
31;HAUTE-GARONNE
31;HAUTE-GARONNE
31;HAUTE-GARONNE
31;HAUTE-GARONNE
31;HAUTE-GARONNE
31;HAUTE-GARONNE
31;HAUTE-GARONNE
31;HAUTE-GARONNE
31;HAUTE-GARONNE
31;HAUTE-GARONNE
31;HAUTE-GARONNE
31;HAUTE-GARONNE
31;HAUTE-GARONNE
31;HAUTE-GARONNE
31;HAUTE-GARONNE
31;HAUTE-GARONNE
12;AVEYRON
31;HAUTE-GARONNE
12;AVEYRON
31;HAUTE-GARONNE
12;AVEYRON
31;HAUTE-GARONNE
12;AVEYRON
32;GERS
12;AVEYRON
32;GERS
12;AVEYRON
32;GERS
12;AVEYRON
32;GERS
12;AVEYRON
32;GERS
12;AVEYRON
32;GERS
12;AVEYRON
32;GERS
12;AVEYRON
32;GERS
12;AVEYRON
32;GERS
12;AVEYRON
32;GERS
12;AVEYRON
32;GERS
12;AVEYRON
32;GERS
12;AVEYRON
32;GERS
12;AVEYRON
32;GERS
12;AVEYRON
32;GERS
12;AVEYRON
32;GERS
12;AVEYRON
32;GERS
12;AVEYRON
32;GERS
12;AVEYRON
32;GERS
12;AVEYRON
12;AVEYRON
12;AVEYRON
12;AVEYRON
12;AVEYRON
12;AVEYRON
12;AVEYRON
12;AVEYRON
12;AVEYRON
12;AVEYRON
12;AVEYRON
12;AVEYRON
12;AVEYRON
12;AVEYRON
13;BOUCHES-DU-RHONE
13;BOUCHES-DU-RHONE
13;BOUCHES-DU-RHONE
13;BOUCHES-DU-RHONE
13;BOUCHES-DU-RHONE
13;BOUCHES-DU-RHONE
13;BOUCHES-DU-RHONE
13;BOUCHES-DU-RHONE
13;BOUCHES-DU-RHONE
13;BOUCHES-DU-RHONE
13;BOUCHES-DU-RHONE
13;BOUCHES-DU-RHONE
13;BOUCHES-DU-RHONE
13;BOUCHES-DU-RHONE
13;BOUCHES-DU-RHONE
13;BOUCHES-DU-RHONE
13;BOUCHES-DU-RHONE
13;BOUCHES-DU-RHONE
13;BOUCHES-DU-RHONE
13;BOUCHES-DU-RHONE
13;BOUCHES-DU-RHONE
13;BOUCHES-DU-RHONE
13;BOUCHES-DU-RHONE
13;BOUCHES-DU-RHONE
13;BOUCHES-DU-RHONE
13;BOUCHES-DU-RHONE
13;BOUCHES-DU-RHONE
13;BOUCHES-DU-RHONE
13;BOUCHES-DU-RHONE
13;BOUCHES-DU-RHONE
13;BOUCHES-DU-RHONE
13;BOUCHES-DU-RHONE
13;BOUCHES-DU-RHONE
13;BOUCHES-DU-RHONE
13;BOUCHES-DU-RHONE
13;BOUCHES-DU-RHONE
14;CALVADOS
14;CALVADOS
14;CALVADOS
14;CALVADOS
14;CALVADOS
14;CALVADOS
14;CALVADOS
14;CALVADOS
14;CALVADOS
14;CALVADOS
14;CALVADOS
14;CALVADOS
14;CALVADOS
14;CALVADOS
14;CALVADOS
14;CALVADOS
14;CALVADOS
14;CALVADOS
14;CALVADOS
14;CALVADOS
14;CALVADOS
14;CALVADOS
14;CALVADOS
14;CALVADOS
14;CALVADOS
14;CALVADOS
14;CALVADOS
14;CALVADOS
14;CALVADOS
14;CALVADOS
14;CALVADOS
14;CALVADOS
14;CALVADOS
14;CALVADOS
14;CALVADOS
14;CALVADOS
15;CANTAL
15;CANTAL
15;CANTAL
15;CANTAL
15;CANTAL
15;CANTAL
15;CANTAL
15;CANTAL
15;CANTAL
15;CANTAL
15;CANTAL
15;CANTAL
15;CANTAL
15;CANTAL
15;CANTAL
15;CANTAL
15;CANTAL
15;CANTAL
15;CANTAL
15;CANTAL
15;CANTAL
15;CANTAL
15;CANTAL
15;CANTAL
15;CANTAL
15;CANTAL
15;CANTAL
15;CANTAL
15;CANTAL
15;CANTAL
15;CANTAL
15;CANTAL
15;CANTAL
15;CANTAL
15;CANTAL
15;CANTAL
16;CHARENTE
16;CHARENTE
16;CHARENTE
16;CHARENTE
16;CHARENTE
16;CHARENTE
16;CHARENTE
16;CHARENTE
16;CHARENTE
16;CHARENTE
16;CHARENTE
16;CHARENTE
16;CHARENTE
16;CHARENTE
16;CHARENTE
16;CHARENTE
16;CHARENTE
16;CHARENTE
16;CHARENTE
16;CHARENTE
16;CHARENTE
16;CHARENTE
16;CHARENTE
16;CHARENTE
16;CHARENTE
16;CHARENTE
16;CHARENTE
16;CHARENTE
16;CHARENTE
16;CHARENTE
16;CHARENTE
16;CHARENTE
16;CHARENTE
16;CHARENTE
16;CHARENTE
16;CHARENTE
17;CHARENTE-MARITIME
17;CHARENTE-MARITIME
17;CHARENTE-MARITIME
17;CHARENTE-MARITIME
17;CHARENTE-MARITIME
17;CHARENTE-MARITIME
17;CHARENTE-MARITIME
17;CHARENTE-MARITIME
17;CHARENTE-MARITIME
17;CHARENTE-MARITIME
17;CHARENTE-MARITIME
17;CHARENTE-MARITIME
17;CHARENTE-MARITIME
17;CHARENTE-MARITIME
17;CHARENTE-MARITIME
17;CHARENTE-MARITIME
17;CHARENTE-MARITIME
17;CHARENTE-MARITIME
17;CHARENTE-MARITIME
17;CHARENTE-MARITIME
17;CHARENTE-MARITIME
17;CHARENTE-MARITIME
17;CHARENTE-MARITIME
17;CHARENTE-MARITIME
17;CHARENTE-MARITIME
17;CHARENTE-MARITIME
17;CHARENTE-MARITIME
17;CHARENTE-MARITIME
17;CHARENTE-MARITIME
17;CHARENTE-MARITIME
17;CHARENTE-MARITIME
17;CHARENTE-MARITIME
17;CHARENTE-MARITIME
17;CHARENTE-MARITIME
17;CHARENTE-MARITIME
17;CHARENTE-MARITIME
18;CHER
18;CHER
18;CHER
18;CHER
18;CHER
18;CHER
18;CHER
18;CHER
18;CHER
18;CHER
18;CHER
18;CHER
18;CHER
18;CHER
18;CHER
18;CHER
18;CHER
18;CHER
18;CHER
18;CHER
18;CHER
18;CHER
18;CHER
18;CHER
18;CHER
18;CHER
18;CHER
18;CHER
18;CHER
18;CHER
18;CHER
18;CHER
18;CHER
18;CHER
18;CHER
18;CHER
19;CORREZE
19;CORREZE
19;CORREZE
19;CORREZE
19;CORREZE
19;CORREZE
19;CORREZE
19;CORREZE
19;CORREZE
19;CORREZE
19;CORREZE
19;CORREZE
19;CORREZE
19;CORREZE
19;CORREZE
19;CORREZE
19;CORREZE
19;CORREZE
19;CORREZE
19;CORREZE
19;CORREZE
19;CORREZE
19;CORREZE
19;CORREZE
19;CORREZE
19;CORREZE
19;CORREZE
19;CORREZE
19;CORREZE
19;CORREZE
19;CORREZE
19;CORREZE
19;CORREZE
19;CORREZE
19;CORREZE
19;CORREZE
2A;CORSE-DU-SUD
2A;CORSE-DU-SUD
2A;CORSE-DU-SUD
2A;CORSE-DU-SUD
2A;CORSE-DU-SUD
2A;CORSE-DU-SUD
2A;CORSE-DU-SUD
2A;CORSE-DU-SUD
2A;CORSE-DU-SUD
2A;CORSE-DU-SUD
2A;CORSE-DU-SUD
2A;CORSE-DU-SUD
2A;CORSE-DU-SUD
2A;CORSE-DU-SUD
2A;CORSE-DU-SUD
2A;CORSE-DU-SUD
2A;CORSE-DU-SUD
2A;CORSE-DU-SUD
2A;CORSE-DU-SUD
2A;CORSE-DU-SUD
2A;CORSE-DU-SUD
2A;CORSE-DU-SUD
2A;CORSE-DU-SUD
2A;CORSE-DU-SUD
2A;CORSE-DU-SUD
2A;CORSE-DU-SUD
2A;CORSE-DU-SUD
2A;CORSE-DU-SUD
2A;CORSE-DU-SUD
2A;CORSE-DU-SUD
2A;CORSE-DU-SUD
2A;CORSE-DU-SUD
2A;CORSE-DU-SUD
2A;CORSE-DU-SUD
2A;CORSE-DU-SUD
2A;CORSE-DU-SUD
2B;HAUTE-CORSE
2B;HAUTE-CORSE
2B;HAUTE-CORSE
2B;HAUTE-CORSE
2B;HAUTE-CORSE
2B;HAUTE-CORSE
2B;HAUTE-CORSE
2B;HAUTE-CORSE
2B;HAUTE-CORSE
2B;HAUTE-CORSE
2B;HAUTE-CORSE
2B;HAUTE-CORSE
2B;HAUTE-CORSE
2B;HAUTE-CORSE
2B;HAUTE-CORSE
2B;HAUTE-CORSE
2B;HAUTE-CORSE
2B;HAUTE-CORSE
2B;HAUTE-CORSE
2B;HAUTE-CORSE
2B;HAUTE-CORSE
2B;HAUTE-CORSE
2B;HAUTE-CORSE
2B;HAUTE-CORSE
2B;HAUTE-CORSE
2B;HAUTE-CORSE
2B;HAUTE-CORSE
2B;HAUTE-CORSE
2B;HAUTE-CORSE
2B;HAUTE-CORSE
2B;HAUTE-CORSE
2B;HAUTE-CORSE
2B;HAUTE-CORSE
2B;HAUTE-CORSE
2B;HAUTE-CORSE
2B;HAUTE-CORSE
21;COTE-D'OR
21;COTE-D'OR
21;COTE-D'OR
21;COTE-D'OR
21;COTE-D'OR
21;COTE-D'OR
21;COTE-D'OR
21;COTE-D'OR
21;COTE-D'OR
21;COTE-D'OR
21;COTE-D'OR
21;COTE-D'OR
21;COTE-D'OR
21;COTE-D'OR
21;COTE-D'OR
21;COTE-D'OR
21;COTE-D'OR
21;COTE-D'OR
21;COTE-D'OR
21;COTE-D'OR
21;COTE-D'OR
21;COTE-D'OR
21;COTE-D'OR
21;COTE-D'OR
21;COTE-D'OR
21;COTE-D'OR
21;COTE-D'OR
21;COTE-D'OR
21;COTE-D'OR
21;COTE-D'OR
21;COTE-D'OR
21;COTE-D'OR
21;COTE-D'OR
21;COTE-D'OR
21;COTE-D'OR
21;COTE-D'OR
22;COTES-D'ARMOR
22;COTES-D'ARMOR
22;COTES-D'ARMOR
22;COTES-D'ARMOR
22;COTES-D'ARMOR
22;COTES-D'ARMOR
22;COTES-D'ARMOR
22;COTES-D'ARMOR
22;COTES-D'ARMOR
22;COTES-D'ARMOR
22;COTES-D'ARMOR
22;COTES-D'ARMOR
22;COTES-D'ARMOR
22;COTES-D'ARMOR
22;COTES-D'ARMOR
22;COTES-D'ARMOR
22;COTES-D'ARMOR
22;COTES-D'ARMOR
22;COTES-D'ARMOR
22;COTES-D'ARMOR
22;COTES-D'ARMOR
22;COTES-D'ARMOR
22;COTES-D'ARMOR
22;COTES-D'ARMOR
22;COTES-D'ARMOR
22;COTES-D'ARMOR
22;COTES-D'ARMOR
22;COTES-D'ARMOR
22;COTES-D'ARMOR
22;COTES-D'ARMOR
22;COTES-D'ARMOR
22;COTES-D'ARMOR
22;COTES-D'ARMOR
22;COTES-D'ARMOR
22;COTES-D'ARMOR
22;COTES-D'ARMOR
23;CREUSE
23;CREUSE
23;CREUSE
23;CREUSE
23;CREUSE
23;CREUSE
23;CREUSE
23;CREUSE
23;CREUSE
23;CREUSE
23;CREUSE
23;CREUSE
23;CREUSE
23;CREUSE
23;CREUSE
23;CREUSE
23;CREUSE
23;CREUSE
23;CREUSE
23;CREUSE
23;CREUSE
23;CREUSE
23;CREUSE
23;CREUSE
23;CREUSE
23;CREUSE
23;CREUSE
23;CREUSE
23;CREUSE
23;CREUSE
23;CREUSE
23;CREUSE
23;CREUSE
23;CREUSE
23;CREUSE
23;CREUSE
24;DORDOGNE
24;DORDOGNE
24;DORDOGNE
24;DORDOGNE
24;DORDOGNE
24;DORDOGNE
24;DORDOGNE
24;DORDOGNE
24;DORDOGNE
24;DORDOGNE
24;DORDOGNE
24;DORDOGNE
24;DORDOGNE
24;DORDOGNE
24;DORDOGNE
24;DORDOGNE
24;DORDOGNE
24;DORDOGNE
24;DORDOGNE
24;DORDOGNE
24;DORDOGNE
24;DORDOGNE
24;DORDOGNE
24;DORDOGNE
24;DORDOGNE
24;DORDOGNE
24;DORDOGNE
24;DORDOGNE
24;DORDOGNE
24;DORDOGNE
24;DORDOGNE
24;DORDOGNE
24;DORDOGNE
24;DORDOGNE
24;DORDOGNE
24;DORDOGNE
25;DOUBS
25;DOUBS
25;DOUBS
25;DOUBS
25;DOUBS
25;DOUBS
25;DOUBS
25;DOUBS
25;DOUBS
25;DOUBS
25;DOUBS
25;DOUBS
25;DOUBS
25;DOUBS
25;DOUBS
25;DOUBS
25;DOUBS
25;DOUBS
25;DOUBS
25;DOUBS
25;DOUBS
25;DOUBS
25;DOUBS
25;DOUBS
25;DOUBS
25;DOUBS
25;DOUBS
25;DOUBS
25;DOUBS
25;DOUBS
25;DOUBS
25;DOUBS
25;DOUBS
25;DOUBS
25;DOUBS
25;DOUBS
26;DROME
26;DROME
26;DROME
26;DROME
26;DROME
26;DROME
26;DROME
26;DROME
26;DROME
26;DROME
26;DROME
26;DROME
26;DROME
26;DROME
26;DROME
26;DROME
26;DROME
26;DROME
26;DROME
26;DROME
26;DROME
26;DROME
26;DROME
26;DROME
26;DROME
26;DROME
26;DROME
26;DROME
26;DROME
26;DROME
26;DROME
26;DROME
26;DROME
26;DROME
26;DROME
26;DROME
27;EURE
27;EURE
27;EURE
27;EURE
27;EURE
27;EURE
27;EURE
27;EURE
27;EURE
27;EURE
27;EURE
27;EURE
27;EURE
27;EURE
27;EURE
27;EURE
27;EURE
27;EURE
27;EURE
27;EURE
27;EURE
27;EURE
27;EURE
27;EURE
27;EURE
27;EURE
27;EURE
27;EURE
27;EURE
27;EURE
27;EURE
27;EURE
27;EURE
27;EURE
27;EURE
27;EURE
28;EURE-ET-LOIR
28;EURE-ET-LOIR
28;EURE-ET-LOIR
28;EURE-ET-LOIR
28;EURE-ET-LOIR
28;EURE-ET-LOIR
28;EURE-ET-LOIR
28;EURE-ET-LOIR
28;EURE-ET-LOIR
28;EURE-ET-LOIR
28;EURE-ET-LOIR
28;EURE-ET-LOIR
28;EURE-ET-LOIR
28;EURE-ET-LOIR
28;EURE-ET-LOIR
28;EURE-ET-LOIR
28;EURE-ET-LOIR
28;EURE-ET-LOIR
28;EURE-ET-LOIR
28;EURE-ET-LOIR
28;EURE-ET-LOIR
28;EURE-ET-LOIR
28;EURE-ET-LOIR
28;EURE-ET-LOIR
28;EURE-ET-LOIR
28;EURE-ET-LOIR
28;EURE-ET-LOIR
28;EURE-ET-LOIR
28;EURE-ET-LOIR
28;EURE-ET-LOIR
28;EURE-ET-LOIR
28;EURE-ET-LOIR
28;EURE-ET-LOIR
28;EURE-ET-LOIR
28;EURE-ET-LOIR
28;EURE-ET-LOIR
29;FINISTERE
29;FINISTERE
29;FINISTERE
29;FINISTERE
29;FINISTERE
29;FINISTERE
29;FINISTERE
29;FINISTERE
29;FINISTERE
29;FINISTERE
29;FINISTERE
29;FINISTERE
29;FINISTERE
29;FINISTERE
29;FINISTERE
29;FINISTERE
29;FINISTERE
29;FINISTERE
29;FINISTERE
29;FINISTERE
29;FINISTERE
29;FINISTERE
29;FINISTERE
29;FINISTERE
29;FINISTERE
29;FINISTERE
29;FINISTERE
29;FINISTERE
29;FINISTERE
29;FINISTERE
29;FINISTERE
29;FINISTERE
29;FINISTERE
29;FINISTERE
29;FINISTERE
29;FINISTERE
30;GARD
30;GARD
30;GARD
30;GARD
30;GARD
30;GARD
30;GARD
30;GARD
30;GARD
30;GARD
30;GARD
30;GARD
30;GARD
30;GARD
30;GARD
30;GARD
30;GARD
30;GARD
30;GARD
30;GARD
30;GARD
30;GARD
30;GARD
30;GARD
30;GARD
30;GARD
30;GARD
30;GARD
30;GARD
30;GARD
30;GARD
30;GARD
30;GARD
30;GARD
30;GARD
30;GARD
31;HAUTE-GARONNE
31;HAUTE-GARONNE
31;HAUTE-GARONNE
31;HAUTE-GARONNE
31;HAUTE-GARONNE
31;HAUTE-GARONNE
31;HAUTE-GARONNE
31;HAUTE-GARONNE
31;HAUTE-GARONNE
31;HAUTE-GARONNE
31;HAUTE-GARONNE
31;HAUTE-GARONNE
31;HAUTE-GARONNE
31;HAUTE-GARONNE
31;HAUTE-GARONNE
31;HAUTE-GARONNE
31;HAUTE-GARONNE
31;HAUTE-GARONNE
31;HAUTE-GARONNE
31;HAUTE-GARONNE
31;HAUTE-GARONNE
31;HAUTE-GARONNE
31;HAUTE-GARONNE
31;HAUTE-GARONNE
31;HAUTE-GARONNE
31;HAUTE-GARONNE
31;HAUTE-GARONNE
31;HAUTE-GARONNE
31;HAUTE-GARONNE
31;HAUTE-GARONNE
31;HAUTE-GARONNE
31;HAUTE-GARONNE
31;HAUTE-GARONNE
31;HAUTE-GARONNE
31;HAUTE-GARONNE
31;HAUTE-GARONNE
32;GERS
32;GERS
32;GERS
32;GERS
32;GERS
32;GERS
32;GERS
32;GERS
32;GERS
32;GERS
32;GERS
32;GERS
32;GERS
32;GERS
32;GERS
32;GERS
32;GERS
32;GERS
32;GERS
32;GERS
32;GERS
32;GERS
32;GERS
32;GERS
32;GERS
32;GERS
32;GERS
32;GERS
32;GERS
32;GERS
32;GERS
32;GERS
32;GERS
32;GERS
32;GERS
32;GERS
33;GIRONDE
33;GIRONDE
33;GIRONDE
33;GIRONDE
33;GIRONDE
33;GIRONDE
33;GIRONDE
33;GIRONDE
33;GIRONDE
33;GIRONDE
33;GIRONDE
33;GIRONDE
33;GIRONDE
33;GIRONDE
33;GIRONDE
33;GIRONDE
33;GIRONDE
33;GIRONDE
33;GIRONDE
33;GIRONDE
33;GIRONDE
33;GIRONDE
33;GIRONDE
33;GIRONDE
33;GIRONDE
33;GIRONDE
33;GIRONDE
33;GIRONDE
33;GIRONDE
33;GIRONDE
33;GIRONDE
33;GIRONDE
33;GIRONDE
33;GIRONDE
33;GIRONDE
33;GIRONDE
33;GIRONDE
33;GIRONDE
33;GIRONDE
33;GIRONDE
33;GIRONDE
33;GIRONDE
33;GIRONDE
33;GIRONDE
33;GIRONDE
33;GIRONDE
33;GIRONDE
33;GIRONDE
33;GIRONDE
33;GIRONDE
33;GIRONDE
33;GIRONDE
33;GIRONDE
33;GIRONDE
33;GIRONDE
34;HERAULT
34;HERAULT
34;HERAULT
34;HERAULT
34;HERAULT
34;HERAULT
34;HERAULT
34;HERAULT
34;HERAULT
34;HERAULT
34;HERAULT
34;HERAULT
34;HERAULT
34;HERAULT
34;HERAULT
34;HERAULT
34;HERAULT
34;HERAULT
34;HERAULT
34;HERAULT
34;HERAULT
34;HERAULT
34;HERAULT
34;HERAULT
34;HERAULT
34;HERAULT
34;HERAULT
34;HERAULT
34;HERAULT
34;HERAULT
34;HERAULT
34;HERAULT
34;HERAULT
34;HERAULT
34;HERAULT
34;HERAULT
34;HERAULT
34;HERAULT
34;HERAULT
34;HERAULT
34;HERAULT
34;HERAULT
34;HERAULT
34;HERAULT
34;HERAULT
34;HERAULT
34;HERAULT
34;HERAULT
34;HERAULT
34;HERAULT
34;HERAULT
34;HERAULT
34;HERAULT
34;HERAULT
34;HERAULT
35;ILLE-ET-VILAINE
35;ILLE-ET-VILAINE
35;ILLE-ET-VILAINE
35;ILLE-ET-VILAINE
35;ILLE-ET-VILAINE
35;ILLE-ET-VILAINE
35;ILLE-ET-VILAINE
35;ILLE-ET-VILAINE
35;ILLE-ET-VILAINE
35;ILLE-ET-VILAINE
35;ILLE-ET-VILAINE
35;ILLE-ET-VILAINE
35;ILLE-ET-VILAINE
35;ILLE-ET-VILAINE
35;ILLE-ET-VILAINE
35;ILLE-ET-VILAINE
35;ILLE-ET-VILAINE
35;ILLE-ET-VILAINE
35;ILLE-ET-VILAINE
35;ILLE-ET-VILAINE
35;ILLE-ET-VILAINE
35;ILLE-ET-VILAINE
35;ILLE-ET-VILAINE
35;ILLE-ET-VILAINE
35;ILLE-ET-VILAINE
35;ILLE-ET-VILAINE
35;ILLE-ET-VILAINE
35;ILLE-ET-VILAINE
35;ILLE-ET-VILAINE
35;ILLE-ET-VILAINE
35;ILLE-ET-VILAINE
35;ILLE-ET-VILAINE
35;ILLE-ET-VILAINE
35;ILLE-ET-VILAINE
35;ILLE-ET-VILAINE
35;ILLE-ET-VILAINE
35;ILLE-ET-VILAINE
35;ILLE-ET-VILAINE
35;ILLE-ET-VILAINE
35;ILLE-ET-VILAINE
35;ILLE-ET-VILAINE
35;ILLE-ET-VILAINE
35;ILLE-ET-VILAINE
35;ILLE-ET-VILAINE
35;ILLE-ET-VILAINE
35;ILLE-ET-VILAINE
35;ILLE-ET-VILAINE
35;ILLE-ET-VILAINE
35;ILLE-ET-VILAINE
35;ILLE-ET-VILAINE
35;ILLE-ET-VILAINE
35;ILLE-ET-VILAINE
35;ILLE-ET-VILAINE
35;ILLE-ET-VILAINE
35;ILLE-ET-VILAINE
36;INDRE
36;INDRE
36;INDRE
36;INDRE
36;INDRE
36;INDRE
36;INDRE
36;INDRE
36;INDRE
36;INDRE
36;INDRE
36;INDRE
36;INDRE
36;INDRE
36;INDRE
36;INDRE
36;INDRE
36;INDRE
36;INDRE
36;INDRE
36;INDRE
36;INDRE
36;INDRE
36;INDRE
36;INDRE
36;INDRE
36;INDRE
36;INDRE
36;INDRE
36;INDRE
36;INDRE
36;INDRE
36;INDRE
36;INDRE
36;INDRE
36;INDRE
36;INDRE
36;INDRE
36;INDRE
36;INDRE
36;INDRE
36;INDRE
36;INDRE
36;INDRE
36;INDRE
36;INDRE
36;INDRE
36;INDRE
36;INDRE
36;INDRE
36;INDRE
36;INDRE
36;INDRE
36;INDRE
36;INDRE
37;INDRE-ET-LOIRE
37;INDRE-ET-LOIRE
37;INDRE-ET-LOIRE
37;INDRE-ET-LOIRE
37;INDRE-ET-LOIRE
37;INDRE-ET-LOIRE
37;INDRE-ET-LOIRE
37;INDRE-ET-LOIRE
37;INDRE-ET-LOIRE
37;INDRE-ET-LOIRE
37;INDRE-ET-LOIRE
37;INDRE-ET-LOIRE
37;INDRE-ET-LOIRE
37;INDRE-ET-LOIRE
37;INDRE-ET-LOIRE
37;INDRE-ET-LOIRE
37;INDRE-ET-LOIRE
37;INDRE-ET-LOIRE
37;INDRE-ET-LOIRE
37;INDRE-ET-LOIRE
37;INDRE-ET-LOIRE
37;INDRE-ET-LOIRE
37;INDRE-ET-LOIRE
37;INDRE-ET-LOIRE
37;INDRE-ET-LOIRE
37;INDRE-ET-LOIRE
37;INDRE-ET-LOIRE
37;INDRE-ET-LOIRE
37;INDRE-ET-LOIRE
37;INDRE-ET-LOIRE
37;INDRE-ET-LOIRE
37;INDRE-ET-LOIRE
37;INDRE-ET-LOIRE
37;INDRE-ET-LOIRE
37;INDRE-ET-LOIRE
37;INDRE-ET-LOIRE
37;INDRE-ET-LOIRE
37;INDRE-ET-LOIRE
37;INDRE-ET-LOIRE
37;INDRE-ET-LOIRE
37;INDRE-ET-LOIRE
37;INDRE-ET-LOIRE
37;INDRE-ET-LOIRE
37;INDRE-ET-LOIRE
37;INDRE-ET-LOIRE
37;INDRE-ET-LOIRE
37;INDRE-ET-LOIRE
37;INDRE-ET-LOIRE
37;INDRE-ET-LOIRE
37;INDRE-ET-LOIRE
37;INDRE-ET-LOIRE
37;INDRE-ET-LOIRE
37;INDRE-ET-LOIRE
37;INDRE-ET-LOIRE
37;INDRE-ET-LOIRE
38;ISERE
38;ISERE
38;ISERE
38;ISERE
38;ISERE
38;ISERE
38;ISERE
38;ISERE
38;ISERE
38;ISERE
38;ISERE
38;ISERE
38;ISERE
38;ISERE
38;ISERE
38;ISERE
38;ISERE
38;ISERE
38;ISERE
38;ISERE
38;ISERE
38;ISERE
38;ISERE
38;ISERE
38;ISERE
38;ISERE
38;ISERE
38;ISERE
38;ISERE
38;ISERE
38;ISERE
38;ISERE
38;ISERE
38;ISERE
38;ISERE
38;ISERE
38;ISERE
38;ISERE
38;ISERE
38;ISERE
38;ISERE
38;ISERE
38;ISERE
38;ISERE
38;ISERE
38;ISERE
38;ISERE
38;ISERE
38;ISERE
38;ISERE
38;ISERE
38;ISERE
38;ISERE
38;ISERE
38;ISERE
39;JURA
39;JURA
39;JURA
39;JURA
39;JURA
39;JURA
39;JURA
39;JURA
39;JURA
39;JURA
39;JURA
39;JURA
39;JURA
39;JURA
39;JURA
39;JURA
39;JURA
39;JURA
39;JURA
39;JURA
39;JURA
39;JURA
39;JURA
39;JURA
39;JURA
39;JURA
39;JURA
39;JURA
39;JURA
39;JURA
39;JURA
39;JURA
39;JURA
39;JURA
39;JURA
39;JURA
39;JURA
39;JURA
39;JURA
39;JURA
39;JURA
39;JURA
39;JURA
39;JURA
39;JURA
39;JURA
39;JURA
39;JURA
39;JURA
39;JURA
39;JURA
39;JURA
39;JURA
39;JURA
39;JURA
40;LANDES
40;LANDES
40;LANDES
40;LANDES
40;LANDES
40;LANDES
40;LANDES
40;LANDES
40;LANDES
40;LANDES
40;LANDES
40;LANDES
40;LANDES
40;LANDES
40;LANDES
40;LANDES
40;LANDES
40;LANDES
40;LANDES
40;LANDES
40;LANDES
40;LANDES
40;LANDES
40;LANDES
40;LANDES
40;LANDES
40;LANDES
40;LANDES
40;LANDES
40;LANDES
40;LANDES
40;LANDES
40;LANDES
40;LANDES
40;LANDES
40;LANDES
40;LANDES
40;LANDES
40;LANDES
40;LANDES
40;LANDES
40;LANDES
40;LANDES
40;LANDES
40;LANDES
40;LANDES
40;LANDES
40;LANDES
40;LANDES
40;LANDES
40;LANDES
40;LANDES
40;LANDES
40;LANDES
40;LANDES
41;LOIR-ET-CHER
41;LOIR-ET-CHER
41;LOIR-ET-CHER
41;LOIR-ET-CHER
41;LOIR-ET-CHER
41;LOIR-ET-CHER
41;LOIR-ET-CHER
41;LOIR-ET-CHER
41;LOIR-ET-CHER
41;LOIR-ET-CHER
41;LOIR-ET-CHER
41;LOIR-ET-CHER
41;LOIR-ET-CHER
41;LOIR-ET-CHER
41;LOIR-ET-CHER
41;LOIR-ET-CHER
41;LOIR-ET-CHER
41;LOIR-ET-CHER
41;LOIR-ET-CHER
41;LOIR-ET-CHER
41;LOIR-ET-CHER
41;LOIR-ET-CHER
41;LOIR-ET-CHER
41;LOIR-ET-CHER
41;LOIR-ET-CHER
41;LOIR-ET-CHER
41;LOIR-ET-CHER
41;LOIR-ET-CHER
41;LOIR-ET-CHER
41;LOIR-ET-CHER
41;LOIR-ET-CHER
41;LOIR-ET-CHER
41;LOIR-ET-CHER
41;LOIR-ET-CHER
41;LOIR-ET-CHER
41;LOIR-ET-CHER
41;LOIR-ET-CHER
41;LOIR-ET-CHER
41;LOIR-ET-CHER
41;LOIR-ET-CHER
41;LOIR-ET-CHER
41;LOIR-ET-CHER
41;LOIR-ET-CHER
41;LOIR-ET-CHER
41;LOIR-ET-CHER
41;LOIR-ET-CHER
41;LOIR-ET-CHER
41;LOIR-ET-CHER
41;LOIR-ET-CHER
41;LOIR-ET-CHER
41;LOIR-ET-CHER
41;LOIR-ET-CHER
41;LOIR-ET-CHER
41;LOIR-ET-CHER
41;LOIR-ET-CHER
42;LOIRE
42;LOIRE
42;LOIRE
42;LOIRE
42;LOIRE
42;LOIRE
42;LOIRE
42;LOIRE
42;LOIRE
42;LOIRE
42;LOIRE
42;LOIRE
42;LOIRE
42;LOIRE
42;LOIRE
42;LOIRE
42;LOIRE
42;LOIRE
42;LOIRE
42;LOIRE
42;LOIRE
42;LOIRE
42;LOIRE
42;LOIRE
42;LOIRE
42;LOIRE
42;LOIRE
42;LOIRE
42;LOIRE
42;LOIRE
42;LOIRE
42;LOIRE
42;LOIRE
42;LOIRE
42;LOIRE
42;LOIRE
42;LOIRE
42;LOIRE
42;LOIRE
42;LOIRE
42;LOIRE
42;LOIRE
42;LOIRE
42;LOIRE
42;LOIRE
42;LOIRE
42;LOIRE
42;LOIRE
42;LOIRE
42;LOIRE
42;LOIRE
42;LOIRE
42;LOIRE
42;LOIRE
42;LOIRE
43;HAUTE-LOIRE
43;HAUTE-LOIRE
43;HAUTE-LOIRE
43;HAUTE-LOIRE
43;HAUTE-LOIRE
43;HAUTE-LOIRE
43;HAUTE-LOIRE
43;HAUTE-LOIRE
43;HAUTE-LOIRE
43;HAUTE-LOIRE
43;HAUTE-LOIRE
43;HAUTE-LOIRE
43;HAUTE-LOIRE
43;HAUTE-LOIRE
43;HAUTE-LOIRE
43;HAUTE-LOIRE
43;HAUTE-LOIRE
43;HAUTE-LOIRE
43;HAUTE-LOIRE
43;HAUTE-LOIRE
43;HAUTE-LOIRE
43;HAUTE-LOIRE
43;HAUTE-LOIRE
43;HAUTE-LOIRE
43;HAUTE-LOIRE
43;HAUTE-LOIRE
43;HAUTE-LOIRE
43;HAUTE-LOIRE
43;HAUTE-LOIRE
43;HAUTE-LOIRE
43;HAUTE-LOIRE
43;HAUTE-LOIRE
43;HAUTE-LOIRE
43;HAUTE-LOIRE
43;HAUTE-LOIRE
43;HAUTE-LOIRE
43;HAUTE-LOIRE
43;HAUTE-LOIRE
43;HAUTE-LOIRE
43;HAUTE-LOIRE
43;HAUTE-LOIRE
43;HAUTE-LOIRE
43;HAUTE-LOIRE
43;HAUTE-LOIRE
43;HAUTE-LOIRE
43;HAUTE-LOIRE
43;HAUTE-LOIRE
43;HAUTE-LOIRE
43;HAUTE-LOIRE
43;HAUTE-LOIRE
43;HAUTE-LOIRE
43;HAUTE-LOIRE
43;HAUTE-LOIRE
43;HAUTE-LOIRE
43;HAUTE-LOIRE
44;LOIRE-ATLANTIQUE
44;LOIRE-ATLANTIQUE
44;LOIRE-ATLANTIQUE
44;LOIRE-ATLANTIQUE
44;LOIRE-ATLANTIQUE
44;LOIRE-ATLANTIQUE
44;LOIRE-ATLANTIQUE
44;LOIRE-ATLANTIQUE
44;LOIRE-ATLANTIQUE
44;LOIRE-ATLANTIQUE
44;LOIRE-ATLANTIQUE
44;LOIRE-ATLANTIQUE
44;LOIRE-ATLANTIQUE
44;LOIRE-ATLANTIQUE
44;LOIRE-ATLANTIQUE
44;LOIRE-ATLANTIQUE
44;LOIRE-ATLANTIQUE
44;LOIRE-ATLANTIQUE
44;LOIRE-ATLANTIQUE
44;LOIRE-ATLANTIQUE
44;LOIRE-ATLANTIQUE
44;LOIRE-ATLANTIQUE
44;LOIRE-ATLANTIQUE
44;LOIRE-ATLANTIQUE
44;LOIRE-ATLANTIQUE
44;LOIRE-ATLANTIQUE
44;LOIRE-ATLANTIQUE
44;LOIRE-ATLANTIQUE
44;LOIRE-ATLANTIQUE
44;LOIRE-ATLANTIQUE
44;LOIRE-ATLANTIQUE
44;LOIRE-ATLANTIQUE
44;LOIRE-ATLANTIQUE
44;LOIRE-ATLANTIQUE
44;LOIRE-ATLANTIQUE
44;LOIRE-ATLANTIQUE
44;LOIRE-ATLANTIQUE
44;LOIRE-ATLANTIQUE
44;LOIRE-ATLANTIQUE
44;LOIRE-ATLANTIQUE
44;LOIRE-ATLANTIQUE
44;LOIRE-ATLANTIQUE
44;LOIRE-ATLANTIQUE
44;LOIRE-ATLANTIQUE
44;LOIRE-ATLANTIQUE
44;LOIRE-ATLANTIQUE
44;LOIRE-ATLANTIQUE
44;LOIRE-ATLANTIQUE
44;LOIRE-ATLANTIQUE
44;LOIRE-ATLANTIQUE
44;LOIRE-ATLANTIQUE
44;LOIRE-ATLANTIQUE
44;LOIRE-ATLANTIQUE
44;LOIRE-ATLANTIQUE
44;LOIRE-ATLANTIQUE
45;LOIRET
45;LOIRET
45;LOIRET
45;LOIRET
45;LOIRET
45;LOIRET
45;LOIRET
45;LOIRET
45;LOIRET
45;LOIRET
45;LOIRET
45;LOIRET
45;LOIRET
45;LOIRET
45;LOIRET
45;LOIRET
45;LOIRET
45;LOIRET
45;LOIRET
45;LOIRET
45;LOIRET
45;LOIRET
45;LOIRET
45;LOIRET
45;LOIRET
45;LOIRET
45;LOIRET
45;LOIRET
45;LOIRET
45;LOIRET
45;LOIRET
45;LOIRET
45;LOIRET
45;LOIRET
45;LOIRET
45;LOIRET
45;LOIRET
45;LOIRET
45;LOIRET
45;LOIRET
45;LOIRET
45;LOIRET
45;LOIRET
45;LOIRET
45;LOIRET
45;LOIRET
45;LOIRET
45;LOIRET
45;LOIRET
45;LOIRET
45;LOIRET
45;LOIRET
45;LOIRET
45;LOIRET
45;LOIRET
46;LOT
46;LOT
46;LOT
46;LOT
46;LOT
46;LOT
46;LOT
46;LOT
46;LOT
46;LOT
46;LOT
46;LOT
46;LOT
46;LOT
46;LOT
46;LOT
46;LOT
46;LOT
46;LOT
46;LOT
46;LOT
46;LOT
46;LOT
46;LOT
46;LOT
46;LOT
46;LOT
46;LOT
46;LOT
46;LOT
46;LOT
46;LOT
46;LOT
46;LOT
46;LOT
46;LOT
46;LOT
46;LOT
46;LOT
46;LOT
46;LOT
46;LOT
46;LOT
46;LOT
46;LOT
46;LOT
46;LOT
46;LOT
46;LOT
46;LOT
46;LOT
46;LOT
46;LOT
46;LOT
46;LOT
47;LOT-ET-GARONNE
47;LOT-ET-GARONNE
47;LOT-ET-GARONNE
47;LOT-ET-GARONNE
47;LOT-ET-GARONNE
47;LOT-ET-GARONNE
47;LOT-ET-GARONNE
47;LOT-ET-GARONNE
47;LOT-ET-GARONNE
47;LOT-ET-GARONNE
47;LOT-ET-GARONNE
47;LOT-ET-GARONNE
47;LOT-ET-GARONNE
47;LOT-ET-GARONNE
47;LOT-ET-GARONNE
47;LOT-ET-GARONNE
47;LOT-ET-GARONNE
47;LOT-ET-GARONNE
47;LOT-ET-GARONNE
47;LOT-ET-GARONNE
47;LOT-ET-GARONNE
47;LOT-ET-GARONNE
47;LOT-ET-GARONNE
47;LOT-ET-GARONNE
47;LOT-ET-GARONNE
47;LOT-ET-GARONNE
47;LOT-ET-GARONNE
47;LOT-ET-GARONNE
47;LOT-ET-GARONNE
47;LOT-ET-GARONNE
47;LOT-ET-GARONNE
47;LOT-ET-GARONNE
47;LOT-ET-GARONNE
47;LOT-ET-GARONNE
47;LOT-ET-GARONNE
47;LOT-ET-GARONNE
47;LOT-ET-GARONNE
47;LOT-ET-GARONNE
47;LOT-ET-GARONNE
47;LOT-ET-GARONNE
47;LOT-ET-GARONNE
47;LOT-ET-GARONNE
47;LOT-ET-GARONNE
47;LOT-ET-GARONNE
47;LOT-ET-GARONNE
47;LOT-ET-GARONNE
47;LOT-ET-GARONNE
47;LOT-ET-GARONNE
47;LOT-ET-GARONNE
47;LOT-ET-GARONNE
47;LOT-ET-GARONNE
47;LOT-ET-GARONNE
47;LOT-ET-GARONNE
47;LOT-ET-GARONNE
47;LOT-ET-GARONNE
48;LOZERE
48;LOZERE
48;LOZERE
48;LOZERE
48;LOZERE
48;LOZERE
48;LOZERE
48;LOZERE
48;LOZERE
48;LOZERE
48;LOZERE
48;LOZERE
48;LOZERE
48;LOZERE
48;LOZERE
48;LOZERE
48;LOZERE
48;LOZERE
48;LOZERE
48;LOZERE
48;LOZERE
48;LOZERE
48;LOZERE
48;LOZERE
48;LOZERE
48;LOZERE
48;LOZERE
48;LOZERE
48;LOZERE
48;LOZERE
48;LOZERE
48;LOZERE
48;LOZERE
48;LOZERE
48;LOZERE
48;LOZERE
48;LOZERE
48;LOZERE
48;LOZERE
48;LOZERE
48;LOZERE
48;LOZERE
48;LOZERE
48;LOZERE
48;LOZERE
48;LOZERE
48;LOZERE
48;LOZERE
48;LOZERE
48;LOZERE
48;LOZERE
48;LOZERE
48;LOZERE
48;LOZERE
48;LOZERE
49;MAINE-ET-LOIRE
49;MAINE-ET-LOIRE
49;MAINE-ET-LOIRE
49;MAINE-ET-LOIRE
49;MAINE-ET-LOIRE
49;MAINE-ET-LOIRE
49;MAINE-ET-LOIRE
49;MAINE-ET-LOIRE
49;MAINE-ET-LOIRE
49;MAINE-ET-LOIRE
49;MAINE-ET-LOIRE
49;MAINE-ET-LOIRE
49;MAINE-ET-LOIRE
49;MAINE-ET-LOIRE
49;MAINE-ET-LOIRE
49;MAINE-ET-LOIRE
49;MAINE-ET-LOIRE
49;MAINE-ET-LOIRE
49;MAINE-ET-LOIRE
49;MAINE-ET-LOIRE
49;MAINE-ET-LOIRE
49;MAINE-ET-LOIRE
49;MAINE-ET-LOIRE
49;MAINE-ET-LOIRE
49;MAINE-ET-LOIRE
49;MAINE-ET-LOIRE
49;MAINE-ET-LOIRE
49;MAINE-ET-LOIRE
49;MAINE-ET-LOIRE
49;MAINE-ET-LOIRE
49;MAINE-ET-LOIRE
49;MAINE-ET-LOIRE
49;MAINE-ET-LOIRE
49;MAINE-ET-LOIRE
49;MAINE-ET-LOIRE
49;MAINE-ET-LOIRE
49;MAINE-ET-LOIRE
49;MAINE-ET-LOIRE
49;MAINE-ET-LOIRE
49;MAINE-ET-LOIRE
49;MAINE-ET-LOIRE
49;MAINE-ET-LOIRE
49;MAINE-ET-LOIRE
49;MAINE-ET-LOIRE
49;MAINE-ET-LOIRE
49;MAINE-ET-LOIRE
49;MAINE-ET-LOIRE
49;MAINE-ET-LOIRE
49;MAINE-ET-LOIRE
49;MAINE-ET-LOIRE
49;MAINE-ET-LOIRE
49;MAINE-ET-LOIRE
49;MAINE-ET-LOIRE
49;MAINE-ET-LOIRE
49;MAINE-ET-LOIRE
50;MANCHE
50;MANCHE
50;MANCHE
50;MANCHE
50;MANCHE
50;MANCHE
50;MANCHE
50;MANCHE
50;MANCHE
50;MANCHE
50;MANCHE
50;MANCHE
50;MANCHE
50;MANCHE
50;MANCHE
50;MANCHE
50;MANCHE
50;MANCHE
50;MANCHE
50;MANCHE
50;MANCHE
50;MANCHE
50;MANCHE
50;MANCHE
50;MANCHE
50;MANCHE
50;MANCHE
50;MANCHE
50;MANCHE
50;MANCHE
50;MANCHE
50;MANCHE
50;MANCHE
50;MANCHE
50;MANCHE
50;MANCHE
50;MANCHE
50;MANCHE
50;MANCHE
50;MANCHE
50;MANCHE
50;MANCHE
50;MANCHE
50;MANCHE
50;MANCHE
50;MANCHE
50;MANCHE
50;MANCHE
50;MANCHE
50;MANCHE
50;MANCHE
50;MANCHE
50;MANCHE
50;MANCHE
50;MANCHE
51;MARNE
51;MARNE
51;MARNE
51;MARNE
51;MARNE
51;MARNE
51;MARNE
51;MARNE
51;MARNE
51;MARNE
51;MARNE
51;MARNE
51;MARNE
51;MARNE
51;MARNE
51;MARNE
51;MARNE
51;MARNE
51;MARNE
51;MARNE
51;MARNE
51;MARNE
51;MARNE
51;MARNE
51;MARNE
51;MARNE
51;MARNE
51;MARNE
51;MARNE
51;MARNE
51;MARNE
51;MARNE
51;MARNE
51;MARNE
51;MARNE
51;MARNE
51;MARNE
51;MARNE
51;MARNE
51;MARNE
51;MARNE
51;MARNE
51;MARNE
51;MARNE
51;MARNE
51;MARNE
51;MARNE
51;MARNE
51;MARNE
51;MARNE
51;MARNE
51;MARNE
51;MARNE
51;MARNE
51;MARNE
52;HAUTE-MARNE
52;HAUTE-MARNE
52;HAUTE-MARNE
52;HAUTE-MARNE
52;HAUTE-MARNE
52;HAUTE-MARNE
52;HAUTE-MARNE
52;HAUTE-MARNE
52;HAUTE-MARNE
52;HAUTE-MARNE
52;HAUTE-MARNE
52;HAUTE-MARNE
52;HAUTE-MARNE
52;HAUTE-MARNE
52;HAUTE-MARNE
52;HAUTE-MARNE
52;HAUTE-MARNE
52;HAUTE-MARNE
52;HAUTE-MARNE
52;HAUTE-MARNE
52;HAUTE-MARNE
52;HAUTE-MARNE
52;HAUTE-MARNE
52;HAUTE-MARNE
52;HAUTE-MARNE
52;HAUTE-MARNE
52;HAUTE-MARNE
52;HAUTE-MARNE
52;HAUTE-MARNE
52;HAUTE-MARNE
52;HAUTE-MARNE
52;HAUTE-MARNE
52;HAUTE-MARNE
52;HAUTE-MARNE
52;HAUTE-MARNE
52;HAUTE-MARNE
52;HAUTE-MARNE
52;HAUTE-MARNE
52;HAUTE-MARNE
52;HAUTE-MARNE
52;HAUTE-MARNE
52;HAUTE-MARNE
52;HAUTE-MARNE
52;HAUTE-MARNE
52;HAUTE-MARNE
52;HAUTE-MARNE
52;HAUTE-MARNE
52;HAUTE-MARNE
52;HAUTE-MARNE
52;HAUTE-MARNE
52;HAUTE-MARNE
52;HAUTE-MARNE
52;HAUTE-MARNE
52;HAUTE-MARNE
52;HAUTE-MARNE
53;MAYENNE
53;MAYENNE
53;MAYENNE
53;MAYENNE
53;MAYENNE
53;MAYENNE
53;MAYENNE
53;MAYENNE
53;MAYENNE
53;MAYENNE
53;MAYENNE
53;MAYENNE
53;MAYENNE
53;MAYENNE
53;MAYENNE
53;MAYENNE
53;MAYENNE
53;MAYENNE
53;MAYENNE
53;MAYENNE
53;MAYENNE
53;MAYENNE
53;MAYENNE
53;MAYENNE
53;MAYENNE
53;MAYENNE
53;MAYENNE
53;MAYENNE
53;MAYENNE
53;MAYENNE
53;MAYENNE
53;MAYENNE
53;MAYENNE
53;MAYENNE
53;MAYENNE
53;MAYENNE
53;MAYENNE
53;MAYENNE
53;MAYENNE
53;MAYENNE
53;MAYENNE
53;MAYENNE
53;MAYENNE
53;MAYENNE
53;MAYENNE
53;MAYENNE
53;MAYENNE
53;MAYENNE
53;MAYENNE
53;MAYENNE
53;MAYENNE
53;MAYENNE
53;MAYENNE
53;MAYENNE
53;MAYENNE
54;MEURTHE-ET-MOSELLE
54;MEURTHE-ET-MOSELLE
54;MEURTHE-ET-MOSELLE
54;MEURTHE-ET-MOSELLE
54;MEURTHE-ET-MOSELLE
54;MEURTHE-ET-MOSELLE
54;MEURTHE-ET-MOSELLE
54;MEURTHE-ET-MOSELLE
54;MEURTHE-ET-MOSELLE
54;MEURTHE-ET-MOSELLE
54;MEURTHE-ET-MOSELLE
54;MEURTHE-ET-MOSELLE
54;MEURTHE-ET-MOSELLE
54;MEURTHE-ET-MOSELLE
54;MEURTHE-ET-MOSELLE
54;MEURTHE-ET-MOSELLE
54;MEURTHE-ET-MOSELLE
54;MEURTHE-ET-MOSELLE
54;MEURTHE-ET-MOSELLE
54;MEURTHE-ET-MOSELLE
54;MEURTHE-ET-MOSELLE
54;MEURTHE-ET-MOSELLE
54;MEURTHE-ET-MOSELLE
54;MEURTHE-ET-MOSELLE
54;MEURTHE-ET-MOSELLE
54;MEURTHE-ET-MOSELLE
54;MEURTHE-ET-MOSELLE
54;MEURTHE-ET-MOSELLE
54;MEURTHE-ET-MOSELLE
54;MEURTHE-ET-MOSELLE
54;MEURTHE-ET-MOSELLE
54;MEURTHE-ET-MOSELLE
54;MEURTHE-ET-MOSELLE
54;MEURTHE-ET-MOSELLE
54;MEURTHE-ET-MOSELLE
54;MEURTHE-ET-MOSELLE
54;MEURTHE-ET-MOSELLE
54;MEURTHE-ET-MOSELLE
54;MEURTHE-ET-MOSELLE
54;MEURTHE-ET-MOSELLE
54;MEURTHE-ET-MOSELLE
54;MEURTHE-ET-MOSELLE
54;MEURTHE-ET-MOSELLE
54;MEURTHE-ET-MOSELLE
54;MEURTHE-ET-MOSELLE
54;MEURTHE-ET-MOSELLE
54;MEURTHE-ET-MOSELLE
54;MEURTHE-ET-MOSELLE
54;MEURTHE-ET-MOSELLE
54;MEURTHE-ET-MOSELLE
54;MEURTHE-ET-MOSELLE
54;MEURTHE-ET-MOSELLE
54;MEURTHE-ET-MOSELLE
54;MEURTHE-ET-MOSELLE
54;MEURTHE-ET-MOSELLE
55;MEUSE
55;MEUSE
55;MEUSE
55;MEUSE
55;MEUSE
55;MEUSE
55;MEUSE
55;MEUSE
55;MEUSE
55;MEUSE
55;MEUSE
55;MEUSE
55;MEUSE
55;MEUSE
55;MEUSE
55;MEUSE
55;MEUSE
55;MEUSE
55;MEUSE
55;MEUSE
55;MEUSE
55;MEUSE
55;MEUSE
55;MEUSE
55;MEUSE
55;MEUSE
55;MEUSE
55;MEUSE
55;MEUSE
55;MEUSE
55;MEUSE
55;MEUSE
55;MEUSE
55;MEUSE
55;MEUSE
55;MEUSE
55;MEUSE
55;MEUSE
55;MEUSE
55;MEUSE
55;MEUSE
55;MEUSE
55;MEUSE
55;MEUSE
55;MEUSE
55;MEUSE
55;MEUSE
55;MEUSE
55;MEUSE
55;MEUSE
55;MEUSE
55;MEUSE
55;MEUSE
55;MEUSE
55;MEUSE
56;MORBIHAN
56;MORBIHAN
56;MORBIHAN
56;MORBIHAN
56;MORBIHAN
56;MORBIHAN
56;MORBIHAN
56;MORBIHAN
56;MORBIHAN
56;MORBIHAN
56;MORBIHAN
56;MORBIHAN
56;MORBIHAN
56;MORBIHAN
56;MORBIHAN
56;MORBIHAN
56;MORBIHAN
56;MORBIHAN
56;MORBIHAN
56;MORBIHAN
56;MORBIHAN
56;MORBIHAN
56;MORBIHAN
56;MORBIHAN
56;MORBIHAN
56;MORBIHAN
56;MORBIHAN
56;MORBIHAN
56;MORBIHAN
56;MORBIHAN
56;MORBIHAN
56;MORBIHAN
56;MORBIHAN
56;MORBIHAN
56;MORBIHAN
56;MORBIHAN
56;MORBIHAN
56;MORBIHAN
56;MORBIHAN
56;MORBIHAN
56;MORBIHAN
56;MORBIHAN
56;MORBIHAN
56;MORBIHAN
56;MORBIHAN
56;MORBIHAN
56;MORBIHAN
56;MORBIHAN
56;MORBIHAN
56;MORBIHAN
56;MORBIHAN
56;MORBIHAN
56;MORBIHAN
56;MORBIHAN
56;MORBIHAN
57;MOSELLE
57;MOSELLE
57;MOSELLE
57;MOSELLE
57;MOSELLE
57;MOSELLE
57;MOSELLE
57;MOSELLE
57;MOSELLE
57;MOSELLE
57;MOSELLE
57;MOSELLE
57;MOSELLE
57;MOSELLE
57;MOSELLE
57;MOSELLE
57;MOSELLE
57;MOSELLE
57;MOSELLE
57;MOSELLE
57;MOSELLE
57;MOSELLE
57;MOSELLE
57;MOSELLE
57;MOSELLE
57;MOSELLE
57;MOSELLE
57;MOSELLE
57;MOSELLE
57;MOSELLE
57;MOSELLE
57;MOSELLE
57;MOSELLE
57;MOSELLE
57;MOSELLE
57;MOSELLE
57;MOSELLE
57;MOSELLE
57;MOSELLE
57;MOSELLE
57;MOSELLE
57;MOSELLE
57;MOSELLE
57;MOSELLE
57;MOSELLE
57;MOSELLE
57;MOSELLE
57;MOSELLE
57;MOSELLE
57;MOSELLE
57;MOSELLE
57;MOSELLE
57;MOSELLE
57;MOSELLE
57;MOSELLE
58;NIEVRE
58;NIEVRE
58;NIEVRE
58;NIEVRE
58;NIEVRE
58;NIEVRE
58;NIEVRE
58;NIEVRE
58;NIEVRE
58;NIEVRE
58;NIEVRE
58;NIEVRE
58;NIEVRE
58;NIEVRE
58;NIEVRE
58;NIEVRE
58;NIEVRE
58;NIEVRE
58;NIEVRE
58;NIEVRE
58;NIEVRE
58;NIEVRE
58;NIEVRE
58;NIEVRE
58;NIEVRE
58;NIEVRE
58;NIEVRE
58;NIEVRE
58;NIEVRE
58;NIEVRE
58;NIEVRE
58;NIEVRE
58;NIEVRE
58;NIEVRE
58;NIEVRE
58;NIEVRE
58;NIEVRE
58;NIEVRE
58;NIEVRE
58;NIEVRE
58;NIEVRE
58;NIEVRE
58;NIEVRE
58;NIEVRE
58;NIEVRE
58;NIEVRE
58;NIEVRE
58;NIEVRE
58;NIEVRE
58;NIEVRE
58;NIEVRE
58;NIEVRE
58;NIEVRE
58;NIEVRE
58;NIEVRE
59;NORD
59;NORD
59;NORD
59;NORD
59;NORD
59;NORD
59;NORD
59;NORD
59;NORD
59;NORD
59;NORD
59;NORD
59;NORD
59;NORD
59;NORD
59;NORD
59;NORD
59;NORD
59;NORD
59;NORD
59;NORD
59;NORD
59;NORD
59;NORD
59;NORD
59;NORD
59;NORD
59;NORD
59;NORD
59;NORD
59;NORD
59;NORD
59;NORD
59;NORD
59;NORD
59;NORD
59;NORD
59;NORD
59;NORD
59;NORD
59;NORD
59;NORD
59;NORD
59;NORD
59;NORD
59;NORD
59;NORD
59;NORD
59;NORD
59;NORD
59;NORD
59;NORD
59;NORD
59;NORD
59;NORD
60;OISE
60;OISE
60;OISE
60;OISE
60;OISE
60;OISE
60;OISE
60;OISE
60;OISE
60;OISE
60;OISE
60;OISE
60;OISE
60;OISE
60;OISE
60;OISE
60;OISE
60;OISE
60;OISE
60;OISE
60;OISE
60;OISE
60;OISE
60;OISE
60;OISE
60;OISE
60;OISE
60;OISE
60;OISE
60;OISE
60;OISE
60;OISE
60;OISE
60;OISE
60;OISE
60;OISE
60;OISE
60;OISE
60;OISE
60;OISE
60;OISE
60;OISE
60;OISE
60;OISE
60;OISE
60;OISE
60;OISE
60;OISE
60;OISE
60;OISE
60;OISE
60;OISE
60;OISE
60;OISE
60;OISE
61;ORNE
61;ORNE
61;ORNE
61;ORNE
61;ORNE
61;ORNE
61;ORNE
61;ORNE
61;ORNE
61;ORNE
61;ORNE
61;ORNE
61;ORNE
61;ORNE
61;ORNE
61;ORNE
61;ORNE
61;ORNE
61;ORNE
61;ORNE
61;ORNE
61;ORNE
61;ORNE
61;ORNE
61;ORNE
61;ORNE
61;ORNE
61;ORNE
61;ORNE
61;ORNE
61;ORNE
61;ORNE
61;ORNE
61;ORNE
61;ORNE
61;ORNE
61;ORNE
61;ORNE
61;ORNE
61;ORNE
61;ORNE
61;ORNE
61;ORNE
61;ORNE
61;ORNE
61;ORNE
61;ORNE
61;ORNE
61;ORNE
61;ORNE
61;ORNE
61;ORNE
61;ORNE
61;ORNE
61;ORNE
62;PAS-DE-CALAIS
62;PAS-DE-CALAIS
62;PAS-DE-CALAIS
62;PAS-DE-CALAIS
62;PAS-DE-CALAIS
62;PAS-DE-CALAIS
62;PAS-DE-CALAIS
62;PAS-DE-CALAIS
62;PAS-DE-CALAIS
62;PAS-DE-CALAIS
62;PAS-DE-CALAIS
62;PAS-DE-CALAIS
62;PAS-DE-CALAIS
62;PAS-DE-CALAIS
62;PAS-DE-CALAIS
62;PAS-DE-CALAIS
62;PAS-DE-CALAIS
62;PAS-DE-CALAIS
62;PAS-DE-CALAIS
62;PAS-DE-CALAIS
62;PAS-DE-CALAIS
62;PAS-DE-CALAIS
62;PAS-DE-CALAIS
62;PAS-DE-CALAIS
62;PAS-DE-CALAIS
62;PAS-DE-CALAIS
62;PAS-DE-CALAIS
62;PAS-DE-CALAIS
62;PAS-DE-CALAIS
62;PAS-DE-CALAIS
62;PAS-DE-CALAIS
62;PAS-DE-CALAIS
62;PAS-DE-CALAIS
62;PAS-DE-CALAIS
62;PAS-DE-CALAIS
62;PAS-DE-CALAIS
62;PAS-DE-CALAIS
62;PAS-DE-CALAIS
62;PAS-DE-CALAIS
62;PAS-DE-CALAIS
62;PAS-DE-CALAIS
62;PAS-DE-CALAIS
62;PAS-DE-CALAIS
62;PAS-DE-CALAIS
62;PAS-DE-CALAIS
62;PAS-DE-CALAIS
62;PAS-DE-CALAIS
62;PAS-DE-CALAIS
62;PAS-DE-CALAIS
62;PAS-DE-CALAIS
62;PAS-DE-CALAIS
62;PAS-DE-CALAIS
62;PAS-DE-CALAIS
62;PAS-DE-CALAIS
62;PAS-DE-CALAIS
63;PUY-DE-DOME
63;PUY-DE-DOME
63;PUY-DE-DOME
63;PUY-DE-DOME
63;PUY-DE-DOME
63;PUY-DE-DOME
63;PUY-DE-DOME
63;PUY-DE-DOME
63;PUY-DE-DOME
63;PUY-DE-DOME
63;PUY-DE-DOME
63;PUY-DE-DOME
63;PUY-DE-DOME
63;PUY-DE-DOME
63;PUY-DE-DOME
63;PUY-DE-DOME
63;PUY-DE-DOME
63;PUY-DE-DOME
63;PUY-DE-DOME
63;PUY-DE-DOME
63;PUY-DE-DOME
63;PUY-DE-DOME
63;PUY-DE-DOME
63;PUY-DE-DOME
63;PUY-DE-DOME
63;PUY-DE-DOME
63;PUY-DE-DOME
63;PUY-DE-DOME
63;PUY-DE-DOME
63;PUY-DE-DOME
63;PUY-DE-DOME
63;PUY-DE-DOME
63;PUY-DE-DOME
63;PUY-DE-DOME
63;PUY-DE-DOME
63;PUY-DE-DOME
63;PUY-DE-DOME
63;PUY-DE-DOME
63;PUY-DE-DOME
63;PUY-DE-DOME
63;PUY-DE-DOME
63;PUY-DE-DOME
63;PUY-DE-DOME
63;PUY-DE-DOME
63;PUY-DE-DOME
63;PUY-DE-DOME
63;PUY-DE-DOME
63;PUY-DE-DOME
63;PUY-DE-DOME
63;PUY-DE-DOME
63;PUY-DE-DOME
63;PUY-DE-DOME
63;PUY-DE-DOME
63;PUY-DE-DOME
63;PUY-DE-DOME
64;PYRENEES-ATLANTIQUES
64;PYRENEES-ATLANTIQUES
64;PYRENEES-ATLANTIQUES
64;PYRENEES-ATLANTIQUES
64;PYRENEES-ATLANTIQUES
64;PYRENEES-ATLANTIQUES
64;PYRENEES-ATLANTIQUES
64;PYRENEES-ATLANTIQUES
64;PYRENEES-ATLANTIQUES
64;PYRENEES-ATLANTIQUES
64;PYRENEES-ATLANTIQUES
64;PYRENEES-ATLANTIQUES
64;PYRENEES-ATLANTIQUES
64;PYRENEES-ATLANTIQUES
64;PYRENEES-ATLANTIQUES
64;PYRENEES-ATLANTIQUES
64;PYRENEES-ATLANTIQUES
64;PYRENEES-ATLANTIQUES
64;PYRENEES-ATLANTIQUES
64;PYRENEES-ATLANTIQUES
64;PYRENEES-ATLANTIQUES
64;PYRENEES-ATLANTIQUES
64;PYRENEES-ATLANTIQUES
64;PYRENEES-ATLANTIQUES
64;PYRENEES-ATLANTIQUES
64;PYRENEES-ATLANTIQUES
64;PYRENEES-ATLANTIQUES
64;PYRENEES-ATLANTIQUES
64;PYRENEES-ATLANTIQUES
64;PYRENEES-ATLANTIQUES
64;PYRENEES-ATLANTIQUES
64;PYRENEES-ATLANTIQUES
64;PYRENEES-ATLANTIQUES
64;PYRENEES-ATLANTIQUES
64;PYRENEES-ATLANTIQUES
64;PYRENEES-ATLANTIQUES
64;PYRENEES-ATLANTIQUES
64;PYRENEES-ATLANTIQUES
64;PYRENEES-ATLANTIQUES
64;PYRENEES-ATLANTIQUES
64;PYRENEES-ATLANTIQUES
64;PYRENEES-ATLANTIQUES
64;PYRENEES-ATLANTIQUES
64;PYRENEES-ATLANTIQUES
64;PYRENEES-ATLANTIQUES
64;PYRENEES-ATLANTIQUES
64;PYRENEES-ATLANTIQUES
64;PYRENEES-ATLANTIQUES
64;PYRENEES-ATLANTIQUES
64;PYRENEES-ATLANTIQUES
64;PYRENEES-ATLANTIQUES
64;PYRENEES-ATLANTIQUES
64;PYRENEES-ATLANTIQUES
64;PYRENEES-ATLANTIQUES
64;PYRENEES-ATLANTIQUES
65;HAUTES-PYRENEES
65;HAUTES-PYRENEES
65;HAUTES-PYRENEES
65;HAUTES-PYRENEES
65;HAUTES-PYRENEES
65;HAUTES-PYRENEES
65;HAUTES-PYRENEES
65;HAUTES-PYRENEES
65;HAUTES-PYRENEES
65;HAUTES-PYRENEES
65;HAUTES-PYRENEES
65;HAUTES-PYRENEES
65;HAUTES-PYRENEES
65;HAUTES-PYRENEES
65;HAUTES-PYRENEES
65;HAUTES-PYRENEES
65;HAUTES-PYRENEES
65;HAUTES-PYRENEES
65;HAUTES-PYRENEES
65;HAUTES-PYRENEES
65;HAUTES-PYRENEES
65;HAUTES-PYRENEES
65;HAUTES-PYRENEES
65;HAUTES-PYRENEES
65;HAUTES-PYRENEES
65;HAUTES-PYRENEES
65;HAUTES-PYRENEES
65;HAUTES-PYRENEES
65;HAUTES-PYRENEES
65;HAUTES-PYRENEES
65;HAUTES-PYRENEES
65;HAUTES-PYRENEES
65;HAUTES-PYRENEES
65;HAUTES-PYRENEES
65;HAUTES-PYRENEES
65;HAUTES-PYRENEES
65;HAUTES-PYRENEES
65;HAUTES-PYRENEES
65;HAUTES-PYRENEES
65;HAUTES-PYRENEES
65;HAUTES-PYRENEES
65;HAUTES-PYRENEES
65;HAUTES-PYRENEES
65;HAUTES-PYRENEES
65;HAUTES-PYRENEES
65;HAUTES-PYRENEES
65;HAUTES-PYRENEES
65;HAUTES-PYRENEES
65;HAUTES-PYRENEES
65;HAUTES-PYRENEES
65;HAUTES-PYRENEES
65;HAUTES-PYRENEES
65;HAUTES-PYRENEES
65;HAUTES-PYRENEES
65;HAUTES-PYRENEES
66;PYRENEES-ORIENTALES
66;PYRENEES-ORIENTALES
66;PYRENEES-ORIENTALES
66;PYRENEES-ORIENTALES
66;PYRENEES-ORIENTALES
66;PYRENEES-ORIENTALES
66;PYRENEES-ORIENTALES
66;PYRENEES-ORIENTALES
66;PYRENEES-ORIENTALES
66;PYRENEES-ORIENTALES
66;PYRENEES-ORIENTALES
66;PYRENEES-ORIENTALES
66;PYRENEES-ORIENTALES
66;PYRENEES-ORIENTALES
66;PYRENEES-ORIENTALES
66;PYRENEES-ORIENTALES
66;PYRENEES-ORIENTALES
66;PYRENEES-ORIENTALES
66;PYRENEES-ORIENTALES
66;PYRENEES-ORIENTALES
66;PYRENEES-ORIENTALES
66;PYRENEES-ORIENTALES
66;PYRENEES-ORIENTALES
66;PYRENEES-ORIENTALES
66;PYRENEES-ORIENTALES
66;PYRENEES-ORIENTALES
66;PYRENEES-ORIENTALES
66;PYRENEES-ORIENTALES
66;PYRENEES-ORIENTALES
66;PYRENEES-ORIENTALES
66;PYRENEES-ORIENTALES
66;PYRENEES-ORIENTALES
66;PYRENEES-ORIENTALES
66;PYRENEES-ORIENTALES
66;PYRENEES-ORIENTALES
66;PYRENEES-ORIENTALES
66;PYRENEES-ORIENTALES
66;PYRENEES-ORIENTALES
66;PYRENEES-ORIENTALES
66;PYRENEES-ORIENTALES
66;PYRENEES-ORIENTALES
66;PYRENEES-ORIENTALES
66;PYRENEES-ORIENTALES
66;PYRENEES-ORIENTALES
66;PYRENEES-ORIENTALES
66;PYRENEES-ORIENTALES
66;PYRENEES-ORIENTALES
66;PYRENEES-ORIENTALES
66;PYRENEES-ORIENTALES
66;PYRENEES-ORIENTALES
66;PYRENEES-ORIENTALES
66;PYRENEES-ORIENTALES
66;PYRENEES-ORIENTALES
66;PYRENEES-ORIENTALES
66;PYRENEES-ORIENTALES
67;BAS-RHIN
67;BAS-RHIN
67;BAS-RHIN
67;BAS-RHIN
67;BAS-RHIN
67;BAS-RHIN
67;BAS-RHIN
67;BAS-RHIN
67;BAS-RHIN
67;BAS-RHIN
67;BAS-RHIN
67;BAS-RHIN
67;BAS-RHIN
67;BAS-RHIN
67;BAS-RHIN
67;BAS-RHIN
67;BAS-RHIN
67;BAS-RHIN
67;BAS-RHIN
67;BAS-RHIN
67;BAS-RHIN
67;BAS-RHIN
67;BAS-RHIN
67;BAS-RHIN
67;BAS-RHIN
67;BAS-RHIN
67;BAS-RHIN
67;BAS-RHIN
67;BAS-RHIN
67;BAS-RHIN
67;BAS-RHIN
67;BAS-RHIN
67;BAS-RHIN
67;BAS-RHIN
67;BAS-RHIN
67;BAS-RHIN
67;BAS-RHIN
67;BAS-RHIN
67;BAS-RHIN
67;BAS-RHIN
67;BAS-RHIN
67;BAS-RHIN
67;BAS-RHIN
67;BAS-RHIN
67;BAS-RHIN
67;BAS-RHIN
67;BAS-RHIN
67;BAS-RHIN
67;BAS-RHIN
67;BAS-RHIN
67;BAS-RHIN
67;BAS-RHIN
67;BAS-RHIN
67;BAS-RHIN
67;BAS-RHIN
68;HAUT-RHIN
68;HAUT-RHIN
68;HAUT-RHIN
68;HAUT-RHIN
68;HAUT-RHIN
68;HAUT-RHIN
68;HAUT-RHIN
68;HAUT-RHIN
68;HAUT-RHIN
68;HAUT-RHIN
68;HAUT-RHIN
68;HAUT-RHIN
68;HAUT-RHIN
68;HAUT-RHIN
68;HAUT-RHIN
68;HAUT-RHIN
68;HAUT-RHIN
68;HAUT-RHIN
68;HAUT-RHIN
68;HAUT-RHIN
68;HAUT-RHIN
68;HAUT-RHIN
68;HAUT-RHIN
68;HAUT-RHIN
68;HAUT-RHIN
68;HAUT-RHIN
68;HAUT-RHIN
68;HAUT-RHIN
68;HAUT-RHIN
68;HAUT-RHIN
68;HAUT-RHIN
68;HAUT-RHIN
68;HAUT-RHIN
68;HAUT-RHIN
68;HAUT-RHIN
68;HAUT-RHIN
68;HAUT-RHIN
68;HAUT-RHIN
68;HAUT-RHIN
68;HAUT-RHIN
68;HAUT-RHIN
68;HAUT-RHIN
68;HAUT-RHIN
68;HAUT-RHIN
68;HAUT-RHIN
68;HAUT-RHIN
68;HAUT-RHIN
68;HAUT-RHIN
68;HAUT-RHIN
68;HAUT-RHIN
68;HAUT-RHIN
68;HAUT-RHIN
68;HAUT-RHIN
68;HAUT-RHIN
68;HAUT-RHIN
69;RHONE
69;RHONE
69;RHONE
69;RHONE
69;RHONE
69;RHONE
69;RHONE
69;RHONE
69;RHONE
69;RHONE
69;RHONE
69;RHONE
69;RHONE
69;RHONE
69;RHONE
69;RHONE
69;RHONE
69;RHONE
69;RHONE
69;RHONE
69;RHONE
69;RHONE
69;RHONE
69;RHONE
69;RHONE
69;RHONE
69;RHONE
69;RHONE
69;RHONE
69;RHONE
69;RHONE
69;RHONE
69;RHONE
69;RHONE
69;RHONE
69;RHONE
69;RHONE
69;RHONE
69;RHONE
69;RHONE
69;RHONE
69;RHONE
69;RHONE
69;RHONE
69;RHONE
69;RHONE
69;RHONE
69;RHONE
69;RHONE
69;RHONE
69;RHONE
69;RHONE
69;RHONE
69;RHONE
69;RHONE
70;HAUTE-SAONE
70;HAUTE-SAONE
70;HAUTE-SAONE
70;HAUTE-SAONE
70;HAUTE-SAONE
70;HAUTE-SAONE
70;HAUTE-SAONE
70;HAUTE-SAONE
70;HAUTE-SAONE
70;HAUTE-SAONE
70;HAUTE-SAONE
70;HAUTE-SAONE
70;HAUTE-SAONE
70;HAUTE-SAONE
70;HAUTE-SAONE
70;HAUTE-SAONE
70;HAUTE-SAONE
70;HAUTE-SAONE
70;HAUTE-SAONE
70;HAUTE-SAONE
70;HAUTE-SAONE
70;HAUTE-SAONE
70;HAUTE-SAONE
70;HAUTE-SAONE
70;HAUTE-SAONE
70;HAUTE-SAONE
70;HAUTE-SAONE
70;HAUTE-SAONE
70;HAUTE-SAONE
70;HAUTE-SAONE
70;HAUTE-SAONE
70;HAUTE-SAONE
70;HAUTE-SAONE
70;HAUTE-SAONE
70;HAUTE-SAONE
70;HAUTE-SAONE
70;HAUTE-SAONE
70;HAUTE-SAONE
70;HAUTE-SAONE
70;HAUTE-SAONE
70;HAUTE-SAONE
70;HAUTE-SAONE
70;HAUTE-SAONE
70;HAUTE-SAONE
70;HAUTE-SAONE
70;HAUTE-SAONE
70;HAUTE-SAONE
70;HAUTE-SAONE
70;HAUTE-SAONE
70;HAUTE-SAONE
70;HAUTE-SAONE
70;HAUTE-SAONE
70;HAUTE-SAONE
70;HAUTE-SAONE
70;HAUTE-SAONE
71;SAONE-ET-LOIRE
71;SAONE-ET-LOIRE
71;SAONE-ET-LOIRE
71;SAONE-ET-LOIRE
71;SAONE-ET-LOIRE
71;SAONE-ET-LOIRE
71;SAONE-ET-LOIRE
71;SAONE-ET-LOIRE
71;SAONE-ET-LOIRE
71;SAONE-ET-LOIRE
71;SAONE-ET-LOIRE
71;SAONE-ET-LOIRE
71;SAONE-ET-LOIRE
71;SAONE-ET-LOIRE
71;SAONE-ET-LOIRE
71;SAONE-ET-LOIRE
71;SAONE-ET-LOIRE
71;SAONE-ET-LOIRE
71;SAONE-ET-LOIRE
71;SAONE-ET-LOIRE
71;SAONE-ET-LOIRE
71;SAONE-ET-LOIRE
71;SAONE-ET-LOIRE
71;SAONE-ET-LOIRE
71;SAONE-ET-LOIRE
71;SAONE-ET-LOIRE
71;SAONE-ET-LOIRE
71;SAONE-ET-LOIRE
71;SAONE-ET-LOIRE
71;SAONE-ET-LOIRE
71;SAONE-ET-LOIRE
71;SAONE-ET-LOIRE
71;SAONE-ET-LOIRE
71;SAONE-ET-LOIRE
71;SAONE-ET-LOIRE
71;SAONE-ET-LOIRE
71;SAONE-ET-LOIRE
71;SAONE-ET-LOIRE
71;SAONE-ET-LOIRE
71;SAONE-ET-LOIRE
71;SAONE-ET-LOIRE
71;SAONE-ET-LOIRE
71;SAONE-ET-LOIRE
71;SAONE-ET-LOIRE
71;SAONE-ET-LOIRE
71;SAONE-ET-LOIRE
71;SAONE-ET-LOIRE
71;SAONE-ET-LOIRE
71;SAONE-ET-LOIRE
71;SAONE-ET-LOIRE
71;SAONE-ET-LOIRE
71;SAONE-ET-LOIRE
71;SAONE-ET-LOIRE
71;SAONE-ET-LOIRE
71;SAONE-ET-LOIRE
72;SARTHE
72;SARTHE
72;SARTHE
72;SARTHE
72;SARTHE
72;SARTHE
72;SARTHE
72;SARTHE
72;SARTHE
72;SARTHE
72;SARTHE
72;SARTHE
72;SARTHE
72;SARTHE
72;SARTHE
72;SARTHE
72;SARTHE
72;SARTHE
72;SARTHE
72;SARTHE
72;SARTHE
72;SARTHE
72;SARTHE
72;SARTHE
72;SARTHE
72;SARTHE
72;SARTHE
72;SARTHE
72;SARTHE
72;SARTHE
72;SARTHE
72;SARTHE
72;SARTHE
72;SARTHE
72;SARTHE
72;SARTHE
72;SARTHE
72;SARTHE
72;SARTHE
72;SARTHE
72;SARTHE
72;SARTHE
72;SARTHE
72;SARTHE
72;SARTHE
72;SARTHE
72;SARTHE
72;SARTHE
72;SARTHE
72;SARTHE
72;SARTHE
72;SARTHE
72;SARTHE
72;SARTHE
72;SARTHE
73;SAVOIE
73;SAVOIE
73;SAVOIE
73;SAVOIE
73;SAVOIE
73;SAVOIE
73;SAVOIE
73;SAVOIE
73;SAVOIE
73;SAVOIE
73;SAVOIE
73;SAVOIE
73;SAVOIE
73;SAVOIE
73;SAVOIE
73;SAVOIE
73;SAVOIE
73;SAVOIE
73;SAVOIE
73;SAVOIE
73;SAVOIE
73;SAVOIE
73;SAVOIE
73;SAVOIE
73;SAVOIE
73;SAVOIE
73;SAVOIE
73;SAVOIE
73;SAVOIE
73;SAVOIE
73;SAVOIE
73;SAVOIE
73;SAVOIE
73;SAVOIE
73;SAVOIE
73;SAVOIE
73;SAVOIE
73;SAVOIE
73;SAVOIE
73;SAVOIE
73;SAVOIE
73;SAVOIE
73;SAVOIE
73;SAVOIE
73;SAVOIE
73;SAVOIE
73;SAVOIE
73;SAVOIE
73;SAVOIE
73;SAVOIE
73;SAVOIE
73;SAVOIE
73;SAVOIE
73;SAVOIE
73;SAVOIE
74;HAUTE-SAVOIE
74;HAUTE-SAVOIE
74;HAUTE-SAVOIE
74;HAUTE-SAVOIE
74;HAUTE-SAVOIE
74;HAUTE-SAVOIE
74;HAUTE-SAVOIE
74;HAUTE-SAVOIE
74;HAUTE-SAVOIE
74;HAUTE-SAVOIE
74;HAUTE-SAVOIE
74;HAUTE-SAVOIE
74;HAUTE-SAVOIE
74;HAUTE-SAVOIE
74;HAUTE-SAVOIE
74;HAUTE-SAVOIE
74;HAUTE-SAVOIE
74;HAUTE-SAVOIE
74;HAUTE-SAVOIE
74;HAUTE-SAVOIE
74;HAUTE-SAVOIE
74;HAUTE-SAVOIE
74;HAUTE-SAVOIE
74;HAUTE-SAVOIE
74;HAUTE-SAVOIE
74;HAUTE-SAVOIE
74;HAUTE-SAVOIE
74;HAUTE-SAVOIE
74;HAUTE-SAVOIE
74;HAUTE-SAVOIE
74;HAUTE-SAVOIE
74;HAUTE-SAVOIE
74;HAUTE-SAVOIE
74;HAUTE-SAVOIE
74;HAUTE-SAVOIE
74;HAUTE-SAVOIE
74;HAUTE-SAVOIE
74;HAUTE-SAVOIE
74;HAUTE-SAVOIE
74;HAUTE-SAVOIE
74;HAUTE-SAVOIE
74;HAUTE-SAVOIE
74;HAUTE-SAVOIE
74;HAUTE-SAVOIE
74;HAUTE-SAVOIE
74;HAUTE-SAVOIE
74;HAUTE-SAVOIE
74;HAUTE-SAVOIE
74;HAUTE-SAVOIE
74;HAUTE-SAVOIE
74;HAUTE-SAVOIE
74;HAUTE-SAVOIE
74;HAUTE-SAVOIE
74;HAUTE-SAVOIE
74;HAUTE-SAVOIE
75;PARIS
75;PARIS
75;PARIS
75;PARIS
75;PARIS
75;PARIS
75;PARIS
75;PARIS
75;PARIS
75;PARIS
75;PARIS
75;PARIS
75;PARIS
75;PARIS
75;PARIS
75;PARIS
75;PARIS
75;PARIS
75;PARIS
75;PARIS
75;PARIS
75;PARIS
75;PARIS
75;PARIS
75;PARIS
75;PARIS
75;PARIS
75;PARIS
75;PARIS
75;PARIS
75;PARIS
75;PARIS
75;PARIS
75;PARIS
75;PARIS
75;PARIS
75;PARIS
75;PARIS
75;PARIS
75;PARIS
75;PARIS
75;PARIS
75;PARIS
75;PARIS
75;PARIS
75;PARIS
75;PARIS
75;PARIS
75;PARIS
75;PARIS
75;PARIS
75;PARIS
75;PARIS
75;PARIS
75;PARIS
76;SEINE-MARITIME
76;SEINE-MARITIME
76;SEINE-MARITIME
76;SEINE-MARITIME
76;SEINE-MARITIME
76;SEINE-MARITIME
76;SEINE-MARITIME
76;SEINE-MARITIME
76;SEINE-MARITIME
76;SEINE-MARITIME
76;SEINE-MARITIME
76;SEINE-MARITIME
76;SEINE-MARITIME
76;SEINE-MARITIME
76;SEINE-MARITIME
76;SEINE-MARITIME
76;SEINE-MARITIME
76;SEINE-MARITIME
76;SEINE-MARITIME
76;SEINE-MARITIME
76;SEINE-MARITIME
76;SEINE-MARITIME
76;SEINE-MARITIME
76;SEINE-MARITIME
76;SEINE-MARITIME
76;SEINE-MARITIME
76;SEINE-MARITIME
76;SEINE-MARITIME
76;SEINE-MARITIME
76;SEINE-MARITIME
76;SEINE-MARITIME
76;SEINE-MARITIME
76;SEINE-MARITIME
76;SEINE-MARITIME
76;SEINE-MARITIME
76;SEINE-MARITIME
76;SEINE-MARITIME
76;SEINE-MARITIME
76;SEINE-MARITIME
76;SEINE-MARITIME
76;SEINE-MARITIME
76;SEINE-MARITIME
76;SEINE-MARITIME
76;SEINE-MARITIME
76;SEINE-MARITIME
76;SEINE-MARITIME
76;SEINE-MARITIME
76;SEINE-MARITIME
76;SEINE-MARITIME
76;SEINE-MARITIME
76;SEINE-MARITIME
76;SEINE-MARITIME
76;SEINE-MARITIME
76;SEINE-MARITIME
76;SEINE-MARITIME
77;SEINE-ET-MARNE
77;SEINE-ET-MARNE
77;SEINE-ET-MARNE
77;SEINE-ET-MARNE
77;SEINE-ET-MARNE
77;SEINE-ET-MARNE
77;SEINE-ET-MARNE
77;SEINE-ET-MARNE
77;SEINE-ET-MARNE
77;SEINE-ET-MARNE
77;SEINE-ET-MARNE
77;SEINE-ET-MARNE
77;SEINE-ET-MARNE
77;SEINE-ET-MARNE
77;SEINE-ET-MARNE
77;SEINE-ET-MARNE
77;SEINE-ET-MARNE
77;SEINE-ET-MARNE
77;SEINE-ET-MARNE
77;SEINE-ET-MARNE
77;SEINE-ET-MARNE
77;SEINE-ET-MARNE
77;SEINE-ET-MARNE
77;SEINE-ET-MARNE
77;SEINE-ET-MARNE
77;SEINE-ET-MARNE
77;SEINE-ET-MARNE
77;SEINE-ET-MARNE
77;SEINE-ET-MARNE
77;SEINE-ET-MARNE
77;SEINE-ET-MARNE
77;SEINE-ET-MARNE
77;SEINE-ET-MARNE
77;SEINE-ET-MARNE
77;SEINE-ET-MARNE
77;SEINE-ET-MARNE
77;SEINE-ET-MARNE
77;SEINE-ET-MARNE
77;SEINE-ET-MARNE
77;SEINE-ET-MARNE
77;SEINE-ET-MARNE
77;SEINE-ET-MARNE
77;SEINE-ET-MARNE
77;SEINE-ET-MARNE
77;SEINE-ET-MARNE
77;SEINE-ET-MARNE
77;SEINE-ET-MARNE
77;SEINE-ET-MARNE
77;SEINE-ET-MARNE
77;SEINE-ET-MARNE
77;SEINE-ET-MARNE
77;SEINE-ET-MARNE
77;SEINE-ET-MARNE
77;SEINE-ET-MARNE
77;SEINE-ET-MARNE
78;YVELINES
78;YVELINES
78;YVELINES
78;YVELINES
78;YVELINES
78;YVELINES
78;YVELINES
78;YVELINES
78;YVELINES
78;YVELINES
78;YVELINES
78;YVELINES
78;YVELINES
78;YVELINES
78;YVELINES
78;YVELINES
78;YVELINES
78;YVELINES
78;YVELINES
78;YVELINES
78;YVELINES
78;YVELINES
78;YVELINES
78;YVELINES
78;YVELINES
78;YVELINES
78;YVELINES
78;YVELINES
78;YVELINES
78;YVELINES
78;YVELINES
78;YVELINES
78;YVELINES
78;YVELINES
78;YVELINES
78;YVELINES
78;YVELINES
78;YVELINES
78;YVELINES
78;YVELINES
78;YVELINES
78;YVELINES
78;YVELINES
78;YVELINES
78;YVELINES
78;YVELINES
78;YVELINES
78;YVELINES
78;YVELINES
78;YVELINES
78;YVELINES
78;YVELINES
78;YVELINES
78;YVELINES
78;YVELINES
79;DEUX-SEVRES
79;DEUX-SEVRES
79;DEUX-SEVRES
79;DEUX-SEVRES
79;DEUX-SEVRES
79;DEUX-SEVRES
79;DEUX-SEVRES
79;DEUX-SEVRES
79;DEUX-SEVRES
79;DEUX-SEVRES
79;DEUX-SEVRES
79;DEUX-SEVRES
79;DEUX-SEVRES
79;DEUX-SEVRES
79;DEUX-SEVRES
79;DEUX-SEVRES
79;DEUX-SEVRES
79;DEUX-SEVRES
79;DEUX-SEVRES
79;DEUX-SEVRES
79;DEUX-SEVRES
79;DEUX-SEVRES
79;DEUX-SEVRES
79;DEUX-SEVRES
79;DEUX-SEVRES
79;DEUX-SEVRES
79;DEUX-SEVRES
79;DEUX-SEVRES
79;DEUX-SEVRES
79;DEUX-SEVRES
79;DEUX-SEVRES
79;DEUX-SEVRES
79;DEUX-SEVRES
79;DEUX-SEVRES
79;DEUX-SEVRES
79;DEUX-SEVRES
79;DEUX-SEVRES
79;DEUX-SEVRES
79;DEUX-SEVRES
79;DEUX-SEVRES
79;DEUX-SEVRES
79;DEUX-SEVRES
79;DEUX-SEVRES
79;DEUX-SEVRES
79;DEUX-SEVRES
79;DEUX-SEVRES
79;DEUX-SEVRES
79;DEUX-SEVRES
79;DEUX-SEVRES
79;DEUX-SEVRES
79;DEUX-SEVRES
79;DEUX-SEVRES
79;DEUX-SEVRES
79;DEUX-SEVRES
79;DEUX-SEVRES
80;SOMME
80;SOMME
80;SOMME
80;SOMME
80;SOMME
80;SOMME
80;SOMME
80;SOMME
80;SOMME
80;SOMME
80;SOMME
80;SOMME
80;SOMME
80;SOMME
80;SOMME
80;SOMME
80;SOMME
80;SOMME
80;SOMME
80;SOMME
80;SOMME
80;SOMME
80;SOMME
80;SOMME
80;SOMME
80;SOMME
80;SOMME
80;SOMME
80;SOMME
80;SOMME
80;SOMME
80;SOMME
80;SOMME
80;SOMME
80;SOMME
80;SOMME
80;SOMME
80;SOMME
80;SOMME
80;SOMME
80;SOMME
80;SOMME
80;SOMME
80;SOMME
80;SOMME
80;SOMME
80;SOMME
80;SOMME
80;SOMME
80;SOMME
80;SOMME
80;SOMME
80;SOMME
80;SOMME
80;SOMME
81;TARN
81;TARN
81;TARN
81;TARN
81;TARN
81;TARN
81;TARN
81;TARN
81;TARN
81;TARN
81;TARN
81;TARN
81;TARN
81;TARN
81;TARN
81;TARN
81;TARN
81;TARN
81;TARN
81;TARN
81;TARN
81;TARN
81;TARN
81;TARN
81;TARN
81;TARN
81;TARN
81;TARN
81;TARN
81;TARN
81;TARN
81;TARN
81;TARN
81;TARN
81;TARN
81;TARN
81;TARN
81;TARN
81;TARN
81;TARN
81;TARN
81;TARN
81;TARN
81;TARN
81;TARN
81;TARN
81;TARN
81;TARN
81;TARN
81;TARN
81;TARN
81;TARN
81;TARN
81;TARN
81;TARN
82;TARN-ET-GARONNE
82;TARN-ET-GARONNE
82;TARN-ET-GARONNE
82;TARN-ET-GARONNE
82;TARN-ET-GARONNE
82;TARN-ET-GARONNE
82;TARN-ET-GARONNE
82;TARN-ET-GARONNE
82;TARN-ET-GARONNE
82;TARN-ET-GARONNE
82;TARN-ET-GARONNE
82;TARN-ET-GARONNE
82;TARN-ET-GARONNE
82;TARN-ET-GARONNE
82;TARN-ET-GARONNE
82;TARN-ET-GARONNE
82;TARN-ET-GARONNE
82;TARN-ET-GARONNE
82;TARN-ET-GARONNE
82;TARN-ET-GARONNE
82;TARN-ET-GARONNE
82;TARN-ET-GARONNE
82;TARN-ET-GARONNE
82;TARN-ET-GARONNE
82;TARN-ET-GARONNE
82;TARN-ET-GARONNE
82;TARN-ET-GARONNE
82;TARN-ET-GARONNE
82;TARN-ET-GARONNE
82;TARN-ET-GARONNE
82;TARN-ET-GARONNE
82;TARN-ET-GARONNE
82;TARN-ET-GARONNE
82;TARN-ET-GARONNE
82;TARN-ET-GARONNE
82;TARN-ET-GARONNE
82;TARN-ET-GARONNE
82;TARN-ET-GARONNE
82;TARN-ET-GARONNE
82;TARN-ET-GARONNE
82;TARN-ET-GARONNE
82;TARN-ET-GARONNE
82;TARN-ET-GARONNE
82;TARN-ET-GARONNE
82;TARN-ET-GARONNE
82;TARN-ET-GARONNE
82;TARN-ET-GARONNE
82;TARN-ET-GARONNE
82;TARN-ET-GARONNE
82;TARN-ET-GARONNE
82;TARN-ET-GARONNE
82;TARN-ET-GARONNE
82;TARN-ET-GARONNE
82;TARN-ET-GARONNE
82;TARN-ET-GARONNE
83;VAR
83;VAR
83;VAR
83;VAR
83;VAR
83;VAR
83;VAR
83;VAR
83;VAR
83;VAR
83;VAR
83;VAR
83;VAR
83;VAR
83;VAR
83;VAR
83;VAR
83;VAR
83;VAR
83;VAR
83;VAR
83;VAR
83;VAR
83;VAR
83;VAR
83;VAR
83;VAR
83;VAR
83;VAR
83;VAR
83;VAR
83;VAR
83;VAR
83;VAR
83;VAR
83;VAR
83;VAR
83;VAR
83;VAR
83;VAR
83;VAR
83;VAR
83;VAR
83;VAR
83;VAR
83;VAR
83;VAR
83;VAR
83;VAR
83;VAR
83;VAR
83;VAR
83;VAR
83;VAR
83;VAR
84;VAUCLUSE
84;VAUCLUSE
84;VAUCLUSE
84;VAUCLUSE
84;VAUCLUSE
84;VAUCLUSE
84;VAUCLUSE
84;VAUCLUSE
84;VAUCLUSE
84;VAUCLUSE
84;VAUCLUSE
84;VAUCLUSE
84;VAUCLUSE
84;VAUCLUSE
84;VAUCLUSE
84;VAUCLUSE
84;VAUCLUSE
84;VAUCLUSE
84;VAUCLUSE
84;VAUCLUSE
84;VAUCLUSE
84;VAUCLUSE
84;VAUCLUSE
84;VAUCLUSE
84;VAUCLUSE
84;VAUCLUSE
84;VAUCLUSE
84;VAUCLUSE
84;VAUCLUSE
84;VAUCLUSE
84;VAUCLUSE
84;VAUCLUSE
84;VAUCLUSE
84;VAUCLUSE
84;VAUCLUSE
84;VAUCLUSE
84;VAUCLUSE
84;VAUCLUSE
84;VAUCLUSE
84;VAUCLUSE
84;VAUCLUSE
84;VAUCLUSE
84;VAUCLUSE
84;VAUCLUSE
84;VAUCLUSE
84;VAUCLUSE
84;VAUCLUSE
84;VAUCLUSE
84;VAUCLUSE
84;VAUCLUSE
84;VAUCLUSE
84;VAUCLUSE
84;VAUCLUSE
84;VAUCLUSE
84;VAUCLUSE
85;VENDEE
85;VENDEE
85;VENDEE
85;VENDEE
85;VENDEE
85;VENDEE
85;VENDEE
85;VENDEE
85;VENDEE
85;VENDEE
85;VENDEE
85;VENDEE
85;VENDEE
85;VENDEE
85;VENDEE
85;VENDEE
85;VENDEE
85;VENDEE
85;VENDEE
85;VENDEE
85;VENDEE
85;VENDEE
85;VENDEE
85;VENDEE
85;VENDEE
85;VENDEE
85;VENDEE
85;VENDEE
85;VENDEE
85;VENDEE
85;VENDEE
85;VENDEE
85;VENDEE
85;VENDEE
85;VENDEE
85;VENDEE
85;VENDEE
85;VENDEE
85;VENDEE
85;VENDEE
85;VENDEE
85;VENDEE
85;VENDEE
85;VENDEE
85;VENDEE
85;VENDEE
85;VENDEE
85;VENDEE
85;VENDEE
85;VENDEE
85;VENDEE
85;VENDEE
85;VENDEE
85;VENDEE
85;VENDEE
86;VIENNE
86;VIENNE
86;VIENNE
86;VIENNE
86;VIENNE
86;VIENNE
86;VIENNE
86;VIENNE
86;VIENNE
86;VIENNE
86;VIENNE
86;VIENNE
86;VIENNE
86;VIENNE
86;VIENNE
86;VIENNE
86;VIENNE
86;VIENNE
86;VIENNE
86;VIENNE
86;VIENNE
86;VIENNE
86;VIENNE
86;VIENNE
86;VIENNE
86;VIENNE
86;VIENNE
86;VIENNE
86;VIENNE
86;VIENNE
86;VIENNE
86;VIENNE
86;VIENNE
86;VIENNE
86;VIENNE
86;VIENNE
86;VIENNE
86;VIENNE
86;VIENNE
86;VIENNE
86;VIENNE
86;VIENNE
86;VIENNE
86;VIENNE
86;VIENNE
86;VIENNE
86;VIENNE
86;VIENNE
86;VIENNE
86;VIENNE
86;VIENNE
86;VIENNE
86;VIENNE
86;VIENNE
86;VIENNE
87;HAUTE-VIENNE
87;HAUTE-VIENNE
87;HAUTE-VIENNE
87;HAUTE-VIENNE
87;HAUTE-VIENNE
87;HAUTE-VIENNE
87;HAUTE-VIENNE
87;HAUTE-VIENNE
87;HAUTE-VIENNE
87;HAUTE-VIENNE
87;HAUTE-VIENNE
87;HAUTE-VIENNE
87;HAUTE-VIENNE
87;HAUTE-VIENNE
87;HAUTE-VIENNE
87;HAUTE-VIENNE
87;HAUTE-VIENNE
87;HAUTE-VIENNE
87;HAUTE-VIENNE
87;HAUTE-VIENNE
87;HAUTE-VIENNE
87;HAUTE-VIENNE
87;HAUTE-VIENNE
87;HAUTE-VIENNE
87;HAUTE-VIENNE
87;HAUTE-VIENNE
87;HAUTE-VIENNE
87;HAUTE-VIENNE
87;HAUTE-VIENNE
87;HAUTE-VIENNE
87;HAUTE-VIENNE
87;HAUTE-VIENNE
87;HAUTE-VIENNE
87;HAUTE-VIENNE
87;HAUTE-VIENNE
87;HAUTE-VIENNE
87;HAUTE-VIENNE
87;HAUTE-VIENNE
87;HAUTE-VIENNE
87;HAUTE-VIENNE
87;HAUTE-VIENNE
87;HAUTE-VIENNE
87;HAUTE-VIENNE
87;HAUTE-VIENNE
87;HAUTE-VIENNE
87;HAUTE-VIENNE
87;HAUTE-VIENNE
87;HAUTE-VIENNE
87;HAUTE-VIENNE
87;HAUTE-VIENNE
87;HAUTE-VIENNE
87;HAUTE-VIENNE
87;HAUTE-VIENNE
87;HAUTE-VIENNE
87;HAUTE-VIENNE
88;VOSGES
88;VOSGES
88;VOSGES
88;VOSGES
88;VOSGES
88;VOSGES
88;VOSGES
88;VOSGES
88;VOSGES
88;VOSGES
88;VOSGES
88;VOSGES
88;VOSGES
88;VOSGES
88;VOSGES
88;VOSGES
88;VOSGES
88;VOSGES
88;VOSGES
88;VOSGES
88;VOSGES
88;VOSGES
88;VOSGES
88;VOSGES
88;VOSGES
88;VOSGES
88;VOSGES
88;VOSGES
88;VOSGES
88;VOSGES
88;VOSGES
88;VOSGES
88;VOSGES
88;VOSGES
88;VOSGES
88;VOSGES
88;VOSGES
88;VOSGES
88;VOSGES
88;VOSGES
88;VOSGES
88;VOSGES
88;VOSGES
88;VOSGES
88;VOSGES
88;VOSGES
88;VOSGES
88;VOSGES
88;VOSGES
88;VOSGES
88;VOSGES
88;VOSGES
88;VOSGES
88;VOSGES
88;VOSGES
89;YONNE
89;YONNE
89;YONNE
89;YONNE
89;YONNE
89;YONNE
89;YONNE
89;YONNE
89;YONNE
89;YONNE
89;YONNE
89;YONNE
89;YONNE
89;YONNE
89;YONNE
89;YONNE
89;YONNE
89;YONNE
89;YONNE
89;YONNE
89;YONNE
89;YONNE
89;YONNE
89;YONNE
89;YONNE
89;YONNE
89;YONNE
89;YONNE
89;YONNE
89;YONNE
89;YONNE
89;YONNE
89;YONNE
89;YONNE
89;YONNE
89;YONNE
89;YONNE
89;YONNE
89;YONNE
89;YONNE
89;YONNE
89;YONNE
89;YONNE
89;YONNE
89;YONNE
89;YONNE
89;YONNE
89;YONNE
89;YONNE
89;YONNE
89;YONNE
89;YONNE
89;YONNE
89;YONNE
89;YONNE
90;TERRITOIRE DE BELFORT
90;TERRITOIRE DE BELFORT
90;TERRITOIRE DE BELFORT
90;TERRITOIRE DE BELFORT
90;TERRITOIRE DE BELFORT
90;TERRITOIRE DE BELFORT
90;TERRITOIRE DE BELFORT
90;TERRITOIRE DE BELFORT
90;TERRITOIRE DE BELFORT
90;TERRITOIRE DE BELFORT
90;TERRITOIRE DE BELFORT
90;TERRITOIRE DE BELFORT
90;TERRITOIRE DE BELFORT
90;TERRITOIRE DE BELFORT
90;TERRITOIRE DE BELFORT
90;TERRITOIRE DE BELFORT
90;TERRITOIRE DE BELFORT
90;TERRITOIRE DE BELFORT
90;TERRITOIRE DE BELFORT
90;TERRITOIRE DE BELFORT
90;TERRITOIRE DE BELFORT
90;TERRITOIRE DE BELFORT
90;TERRITOIRE DE BELFORT
90;TERRITOIRE DE BELFORT
90;TERRITOIRE DE BELFORT
90;TERRITOIRE DE BELFORT
90;TERRITOIRE DE BELFORT
90;TERRITOIRE DE BELFORT
90;TERRITOIRE DE BELFORT
90;TERRITOIRE DE BELFORT
90;TERRITOIRE DE BELFORT
90;TERRITOIRE DE BELFORT
90;TERRITOIRE DE BELFORT
90;TERRITOIRE DE BELFORT
90;TERRITOIRE DE BELFORT
90;TERRITOIRE DE BELFORT
90;TERRITOIRE DE BELFORT
90;TERRITOIRE DE BELFORT
90;TERRITOIRE DE BELFORT
90;TERRITOIRE DE BELFORT
90;TERRITOIRE DE BELFORT
90;TERRITOIRE DE BELFORT
90;TERRITOIRE DE BELFORT
90;TERRITOIRE DE BELFORT
90;TERRITOIRE DE BELFORT
90;TERRITOIRE DE BELFORT
90;TERRITOIRE DE BELFORT
90;TERRITOIRE DE BELFORT
90;TERRITOIRE DE BELFORT
90;TERRITOIRE DE BELFORT
90;TERRITOIRE DE BELFORT
90;TERRITOIRE DE BELFORT
90;TERRITOIRE DE BELFORT
90;TERRITOIRE DE BELFORT
90;TERRITOIRE DE BELFORT
91;ESSONNE
91;ESSONNE
91;ESSONNE
91;ESSONNE
91;ESSONNE
91;ESSONNE
91;ESSONNE
91;ESSONNE
91;ESSONNE
91;ESSONNE
91;ESSONNE
91;ESSONNE
91;ESSONNE
91;ESSONNE
91;ESSONNE
91;ESSONNE
91;ESSONNE
91;ESSONNE
91;ESSONNE
91;ESSONNE
91;ESSONNE
91;ESSONNE
91;ESSONNE
91;ESSONNE
91;ESSONNE
91;ESSONNE
91;ESSONNE
91;ESSONNE
91;ESSONNE
91;ESSONNE
91;ESSONNE
91;ESSONNE
91;ESSONNE
91;ESSONNE
91;ESSONNE
91;ESSONNE
91;ESSONNE
91;ESSONNE
91;ESSONNE
91;ESSONNE
91;ESSONNE
91;ESSONNE
91;ESSONNE
91;ESSONNE
91;ESSONNE
91;ESSONNE
91;ESSONNE
91;ESSONNE
91;ESSONNE
91;ESSONNE
91;ESSONNE
91;ESSONNE
91;ESSONNE
91;ESSONNE
91;ESSONNE
92;HAUTS-DE-SEINE
92;HAUTS-DE-SEINE
92;HAUTS-DE-SEINE
92;HAUTS-DE-SEINE
92;HAUTS-DE-SEINE
92;HAUTS-DE-SEINE
92;HAUTS-DE-SEINE
92;HAUTS-DE-SEINE
92;HAUTS-DE-SEINE
92;HAUTS-DE-SEINE
92;HAUTS-DE-SEINE
92;HAUTS-DE-SEINE
92;HAUTS-DE-SEINE
92;HAUTS-DE-SEINE
92;HAUTS-DE-SEINE
92;HAUTS-DE-SEINE
92;HAUTS-DE-SEINE
92;HAUTS-DE-SEINE
92;HAUTS-DE-SEINE
92;HAUTS-DE-SEINE
92;HAUTS-DE-SEINE
92;HAUTS-DE-SEINE
92;HAUTS-DE-SEINE
92;HAUTS-DE-SEINE
92;HAUTS-DE-SEINE
92;HAUTS-DE-SEINE
92;HAUTS-DE-SEINE
92;HAUTS-DE-SEINE
92;HAUTS-DE-SEINE
92;HAUTS-DE-SEINE
92;HAUTS-DE-SEINE
92;HAUTS-DE-SEINE
92;HAUTS-DE-SEINE
92;HAUTS-DE-SEINE
92;HAUTS-DE-SEINE
92;HAUTS-DE-SEINE
92;HAUTS-DE-SEINE
92;HAUTS-DE-SEINE
92;HAUTS-DE-SEINE
92;HAUTS-DE-SEINE
92;HAUTS-DE-SEINE
92;HAUTS-DE-SEINE
92;HAUTS-DE-SEINE
92;HAUTS-DE-SEINE
92;HAUTS-DE-SEINE
92;HAUTS-DE-SEINE
92;HAUTS-DE-SEINE
92;HAUTS-DE-SEINE
92;HAUTS-DE-SEINE
92;HAUTS-DE-SEINE
92;HAUTS-DE-SEINE
92;HAUTS-DE-SEINE
92;HAUTS-DE-SEINE
92;HAUTS-DE-SEINE
92;HAUTS-DE-SEINE
93;SEINE-SAINT-DENIS
93;SEINE-SAINT-DENIS
93;SEINE-SAINT-DENIS
93;SEINE-SAINT-DENIS
93;SEINE-SAINT-DENIS
93;SEINE-SAINT-DENIS
93;SEINE-SAINT-DENIS
93;SEINE-SAINT-DENIS
93;SEINE-SAINT-DENIS
93;SEINE-SAINT-DENIS
93;SEINE-SAINT-DENIS
93;SEINE-SAINT-DENIS
93;SEINE-SAINT-DENIS
93;SEINE-SAINT-DENIS
93;SEINE-SAINT-DENIS
93;SEINE-SAINT-DENIS
93;SEINE-SAINT-DENIS
93;SEINE-SAINT-DENIS
93;SEINE-SAINT-DENIS
93;SEINE-SAINT-DENIS
93;SEINE-SAINT-DENIS
93;SEINE-SAINT-DENIS
93;SEINE-SAINT-DENIS
93;SEINE-SAINT-DENIS
93;SEINE-SAINT-DENIS
93;SEINE-SAINT-DENIS
93;SEINE-SAINT-DENIS
93;SEINE-SAINT-DENIS
93;SEINE-SAINT-DENIS
93;SEINE-SAINT-DENIS
93;SEINE-SAINT-DENIS
93;SEINE-SAINT-DENIS
93;SEINE-SAINT-DENIS
93;SEINE-SAINT-DENIS
93;SEINE-SAINT-DENIS
93;SEINE-SAINT-DENIS
93;SEINE-SAINT-DENIS
93;SEINE-SAINT-DENIS
93;SEINE-SAINT-DENIS
93;SEINE-SAINT-DENIS
93;SEINE-SAINT-DENIS
93;SEINE-SAINT-DENIS
93;SEINE-SAINT-DENIS
93;SEINE-SAINT-DENIS
93;SEINE-SAINT-DENIS
93;SEINE-SAINT-DENIS
93;SEINE-SAINT-DENIS
93;SEINE-SAINT-DENIS
93;SEINE-SAINT-DENIS
93;SEINE-SAINT-DENIS
93;SEINE-SAINT-DENIS
93;SEINE-SAINT-DENIS
93;SEINE-SAINT-DENIS
93;SEINE-SAINT-DENIS
93;SEINE-SAINT-DENIS
94;VAL-DE-MARNE
94;VAL-DE-MARNE
94;VAL-DE-MARNE
94;VAL-DE-MARNE
94;VAL-DE-MARNE
94;VAL-DE-MARNE
94;VAL-DE-MARNE
94;VAL-DE-MARNE
94;VAL-DE-MARNE
94;VAL-DE-MARNE
94;VAL-DE-MARNE
94;VAL-DE-MARNE
94;VAL-DE-MARNE
94;VAL-DE-MARNE
94;VAL-DE-MARNE
94;VAL-DE-MARNE
94;VAL-DE-MARNE
94;VAL-DE-MARNE
94;VAL-DE-MARNE
94;VAL-DE-MARNE
94;VAL-DE-MARNE
94;VAL-DE-MARNE
94;VAL-DE-MARNE
94;VAL-DE-MARNE
94;VAL-DE-MARNE
94;VAL-DE-MARNE
94;VAL-DE-MARNE
94;VAL-DE-MARNE
94;VAL-DE-MARNE
94;VAL-DE-MARNE
94;VAL-DE-MARNE
94;VAL-DE-MARNE
94;VAL-DE-MARNE
94;VAL-DE-MARNE
94;VAL-DE-MARNE
94;VAL-DE-MARNE
94;VAL-DE-MARNE
94;VAL-DE-MARNE
94;VAL-DE-MARNE
94;VAL-DE-MARNE
94;VAL-DE-MARNE
94;VAL-DE-MARNE
94;VAL-DE-MARNE
94;VAL-DE-MARNE
94;VAL-DE-MARNE
94;VAL-DE-MARNE
94;VAL-DE-MARNE
94;VAL-DE-MARNE
94;VAL-DE-MARNE
94;VAL-DE-MARNE
94;VAL-DE-MARNE
94;VAL-DE-MARNE
94;VAL-DE-MARNE
94;VAL-DE-MARNE
94;VAL-DE-MARNE
95;VAL-D'OISE
95;VAL-D'OISE
95;VAL-D'OISE
95;VAL-D'OISE
95;VAL-D'OISE
95;VAL-D'OISE
95;VAL-D'OISE
95;VAL-D'OISE
95;VAL-D'OISE
95;VAL-D'OISE
95;VAL-D'OISE
95;VAL-D'OISE
95;VAL-D'OISE
95;VAL-D'OISE
95;VAL-D'OISE
95;VAL-D'OISE
95;VAL-D'OISE
95;VAL-D'OISE
95;VAL-D'OISE
95;VAL-D'OISE
95;VAL-D'OISE
95;VAL-D'OISE
95;VAL-D'OISE
95;VAL-D'OISE
95;VAL-D'OISE
95;VAL-D'OISE
95;VAL-D'OISE
95;VAL-D'OISE
95;VAL-D'OISE
95;VAL-D'OISE
95;VAL-D'OISE
95;VAL-D'OISE
95;VAL-D'OISE
95;VAL-D'OISE
95;VAL-D'OISE
95;VAL-D'OISE
95;VAL-D'OISE
95;VAL-D'OISE
95;VAL-D'OISE
95;VAL-D'OISE
95;VAL-D'OISE
95;VAL-D'OISE
95;VAL-D'OISE
95;VAL-D'OISE
95;VAL-D'OISE
95;VAL-D'OISE
95;VAL-D'OISE
95;VAL-D'OISE
95;VAL-D'OISE
95;VAL-D'OISE
95;VAL-D'OISE
95;VAL-D'OISE
95;VAL-D'OISE
95;VAL-D'OISE
95;VAL-D'OISE
