ancienneRegion;nouvelleRegion
Ile-de-France;Ile-de-France
Ile-de-France;Ile-de-France
Ile-de-France;Ile-de-France
Ile-de-France;Ile-de-France
Ile-de-France;Ile-de-France
Ile-de-France;Ile-de-France
Ile-de-France;Ile-de-France
Ile-de-France;Ile-de-France
Ile-de-France;Ile-de-France
Ile-de-France;Ile-de-France
Ile-de-France;Ile-de-France
Ile-de-France;Ile-de-France
Ile-de-France;Ile-de-France
Ile-de-France;Ile-de-France
Ile-de-France;Ile-de-France
Ile-de-France;Ile-de-France
Ile-de-France;Ile-de-France
Auvergne;Auvergne - Rhône-Alpes
Auvergne;Auvergne - Rhône-Alpes
Rhône-Alpes;Auvergne - Rhône-Alpes
Rhône-Alpes;Auvergne - Rhône-Alpes
Rhône-Alpes;Auvergne - Rhône-Alpes
Rhône-Alpes;Auvergne - Rhône-Alpes
Rhône-Alpes;Auvergne - Rhône-Alpes
Rhône-Alpes;Auvergne - Rhône-Alpes
Bourgogne;Bourgogne - Franche-Comté
Bretagne;Bretagne
Bretagne;Bretagne
Bretagne;Bretagne
Languedoc-Roussillon;Occitanie
Provence-Alpes-Côte-d'Azur;Provence-Alpes-Côte-d'Azur
Provence-Alpes-Côte-d'Azur;Provence-Alpes-Côte-d'Azur
Provence-Alpes-Côte-d'Azur;Provence-Alpes-Côte-d'Azur
Provence-Alpes-Côte-d'Azur;Provence-Alpes-Côte-d'Azur
Bretagne;Bretagne
Bretagne;Bretagne
Bretagne;Bretagne
Bretagne;Bretagne
Midi-Pyrénées;Occitanie
Midi-Pyrénées;Occitanie
Bretagne;Bretagne
Picardie;Hauts-de-France
Aquitaine;Nouvelle Aquitaine
Centre;Centre - Val-de-Loire
Centre;Centre - Val-de-Loire
Poitou-Charentes;Nouvelle Aquitaine
Poitou-Charentes;Nouvelle Aquitaine
Poitou-Charentes;Nouvelle Aquitaine
Poitou-Charentes;Nouvelle Aquitaine
Centre;Centre - Val-de-Loire
Languedoc-Roussillon;Occitanie
Languedoc-Roussillon;Occitanie
Centre;Centre - Val-de-Loire
Nord-Pas-de-Calais;Hauts-de-France
Nord-Pas-de-Calais;Hauts-de-France
Lorraine;Grand-Est
Alsace;Grand-Est
Ile-de-France;Ile-de-France
Ile-de-France;Ile-de-France
Ile-de-France;Ile-de-France
Ile-de-France;Ile-de-France
Champagne-Ardenne;Grand-Est
Midi-Pyrénées;Occitanie
Midi-Pyrénées;Occitanie
Lorraine;Grand-Est
Lorraine;Grand-Est
Provence-Alpes-Côte-d'Azur;Provence-Alpes-Côte-d'Azur
Lorraine;Grand-Est
Basse-Normandie;Normandie
Provence-Alpes-Côte-d'Azur;Provence-Alpes-Côte-d'Azur
Nord-Pas-de-Calais;Hauts-de-France
Languedoc-Roussillon;Occitanie
Midi-Pyrénées;Occitanie
Pays de la Loire;Pays de la Loire
Limousin;Nouvelle Aquitaine
Ile-de-France;Ile-de-France
Ile-de-France;Ile-de-France
Ile-de-France;Ile-de-France
Pays de la Loire;Pays de la Loire
Pays de la Loire;Pays de la Loire
Pays de la Loire;Pays de la Loire
Aquitaine;Nouvelle Aquitaine
Aquitaine;Nouvelle Aquitaine
Ile-de-France;Ile-de-France
Ile-de-France;Ile-de-France
Haute-Normandie;Normandie
Aquitaine;Nouvelle Aquitaine
Aquitaine;Nouvelle Aquitaine
Pays de la Loire;Pays de la Loire
Limousin;Nouvelle Aquitaine
Midi-Pyrénées;Occitanie
Midi-Pyrénées;Occitanie
Provence-Alpes-Côte-d'Azur;Provence-Alpes-Côte-d'Azur
Provence-Alpes-Côte-d'Azur;Provence-Alpes-Côte-d'Azur
Provence-Alpes-Côte-d'Azur;Provence-Alpes-Côte-d'Azur
Midi-Pyrénées;Occitanie
Midi-Pyrénées;Occitanie
Bretagne;Bretagne
Pays de la Loire;Pays de la Loire
Rhône-Alpes;Auvergne - Rhône-Alpes
Rhône-Alpes;Auvergne - Rhône-Alpes
Rhône-Alpes;Auvergne - Rhône-Alpes
Franche-Comté;Bourgogne - Franche-Comté
Bourgogne;Bourgogne - Franche-Comté
Pays de la Loire;Pays de la Loire
Pays de la Loire;Pays de la Loire
Bourgogne;Bourgogne - Franche-Comté
Centre;Centre - Val-de-Loire
Picardie;Hauts-de-France
Rhône-Alpes;Auvergne - Rhône-Alpes
Ile-de-France;Ile-de-France
Bretagne;Bretagne
Rhône-Alpes;Auvergne - Rhône-Alpes
Picardie;Hauts-de-France
Ile-de-France;Ile-de-France
Bourgogne;Bourgogne - Franche-Comté
Poitou-Charentes;Nouvelle Aquitaine
Ile-de-France;Ile-de-France
Midi-Pyrénées;Occitanie
Ile-de-France;Ile-de-France
Ile-de-France;Ile-de-France
Poitou-Charentes;Nouvelle Aquitaine
Nord-Pas-de-Calais;Hauts-de-France
Bourgogne;Bourgogne - Franche-Comté
Poitou-Charentes;Nouvelle Aquitaine
Picardie;Hauts-de-France
Ile-de-France;Ile-de-France
Auvergne;Auvergne - Rhône-Alpes
Rhône-Alpes;Auvergne - Rhône-Alpes
Picardie;Hauts-de-France
Picardie;Hauts-de-France
Languedoc-Roussillon;Occitanie
Ile-de-France;Ile-de-France
Bourgogne;Bourgogne - Franche-Comté
Rhône-Alpes;Auvergne - Rhône-Alpes
Provence-Alpes-Côte-d'Azur;Provence-Alpes-Côte-d'Azur
Bourgogne;Bourgogne - Franche-Comté
Picardie;Hauts-de-France
Ile-de-France;Ile-de-France
Picardie;Hauts-de-France
Basse-Normandie;Normandie
Ile-de-France;Ile-de-France
Centre;Centre - Val-de-Loire
Languedoc-Roussillon;Occitanie
Languedoc-Roussillon;Occitanie
Lorraine;Grand-Est
Ile-de-France;Ile-de-France
Midi-Pyrénées;Occitanie
Ile-de-France;Ile-de-France
Ile-de-France;Ile-de-France
Limousin;Nouvelle Aquitaine
Aquitaine;Nouvelle Aquitaine
Bretagne;Bretagne
Provence-Alpes-Côte-d'Azur;Provence-Alpes-Côte-d'Azur
Picardie;Hauts-de-France
Rhône-Alpes;Auvergne - Rhône-Alpes
Provence-Alpes-Côte-d'Azur;Provence-Alpes-Côte-d'Azur
Ile-de-France;Ile-de-France
Lorraine;Grand-Est
Ile-de-France;Ile-de-France
Midi-Pyrénées;Occitanie
Languedoc-Roussillon;Occitanie
Provence-Alpes-Côte-d'Azur;Provence-Alpes-Côte-d'Azur
Poitou-Charentes;Nouvelle Aquitaine
Ile-de-France;Ile-de-France
Provence-Alpes-Côte-d'Azur;Provence-Alpes-Côte-d'Azur
Lorraine;Grand-Est
Rhône-Alpes;Auvergne - Rhône-Alpes
Rhône-Alpes;Auvergne - Rhône-Alpes
Champagne-Ardenne;Grand-Est
Haute-Normandie;Normandie
Midi-Pyrénées;Occitanie
Nord-Pas-de-Calais;Hauts-de-France
Provence-Alpes-Côte-d'Azur;Provence-Alpes-Côte-d'Azur
Nord-Pas-de-Calais;Hauts-de-France
Franche-Comté;Bourgogne - Franche-Comté
Rhône-Alpes;Auvergne - Rhône-Alpes
Bretagne;Bretagne
Pays de la Loire;Pays de la Loire
Bretagne;Bretagne
Bretagne;Bretagne
Nord-Pas-de-Calais;Hauts-de-France
Haute-Normandie;Normandie
Basse-Normandie;Normandie
Aquitaine;Nouvelle Aquitaine
Ile-de-France;Ile-de-France
Midi-Pyrénées;Occitanie
Provence-Alpes-Côte-d'Azur;Provence-Alpes-Côte-d'Azur
Auvergne;Auvergne - Rhône-Alpes
Ile-de-France;Ile-de-France
Ile-de-France;Ile-de-France
Bretagne;Bretagne
Provence-Alpes-Côte-d'Azur;Provence-Alpes-Côte-d'Azur
Bretagne;Bretagne
Bretagne;Bretagne
Provence-Alpes-Côte-d'Azur;Provence-Alpes-Côte-d'Azur
Provence-Alpes-Côte-d'Azur;Provence-Alpes-Côte-d'Azur
Nord-Pas-de-Calais;Hauts-de-France
Haute-Normandie;Normandie
Basse-Normandie;Normandie
Franche-Comté;Bourgogne - Franche-Comté
Provence-Alpes-Côte-d'Azur;Provence-Alpes-Côte-d'Azur
Bretagne;Bretagne
Midi-Pyrénées;Occitanie
Bourgogne;Bourgogne - Franche-Comté
Provence-Alpes-Côte-d'Azur;Provence-Alpes-Côte-d'Azur
Basse-Normandie;Normandie
Franche-Comté;Bourgogne - Franche-Comté
Rhône-Alpes;Auvergne - Rhône-Alpes
Rhône-Alpes;Auvergne - Rhône-Alpes
Pays de la Loire;Pays de la Loire
Ile-de-France;Ile-de-France
Pays de la Loire;Pays de la Loire
Ile-de-France;Ile-de-France
Ile-de-France;Ile-de-France
Provence-Alpes-Côte-d'Azur;Provence-Alpes-Côte-d'Azur
Ile-de-France;Ile-de-France
Bretagne;Bretagne
Languedoc-Roussillon;Occitanie
Midi-Pyrénées;Occitanie
Ile-de-France;Ile-de-France
Poitou-Charentes;Nouvelle Aquitaine
Picardie;Hauts-de-France
Picardie;Hauts-de-France
Ile-de-France;Ile-de-France
Rhône-Alpes;Auvergne - Rhône-Alpes
Midi-Pyrénées;Occitanie
Midi-Pyrénées;Occitanie
Bretagne;Bretagne
Aquitaine;Nouvelle Aquitaine
Aquitaine;Nouvelle Aquitaine
Ile-de-France;Ile-de-France
Pays de la Loire;Pays de la Loire
Centre;Centre - Val-de-Loire
Franche-Comté;Bourgogne - Franche-Comté
Auvergne;Auvergne - Rhône-Alpes
Rhône-Alpes;Auvergne - Rhône-Alpes
Poitou-Charentes;Nouvelle Aquitaine
Bretagne;Bretagne
Rhône-Alpes;Auvergne - Rhône-Alpes
Poitou-Charentes;Nouvelle Aquitaine
Languedoc-Roussillon;Occitanie
Languedoc-Roussillon;Occitanie
Midi-Pyrénées;Occitanie
Nord-Pas-de-Calais;Hauts-de-France
Centre;Centre - Val-de-Loire
Haute-Normandie;Normandie
Provence-Alpes-Côte-d'Azur;Provence-Alpes-Côte-d'Azur
Champagne-Ardenne;Grand-Est
Aquitaine;Nouvelle Aquitaine
Alsace;Grand-Est
Midi-Pyrénées;Occitanie
Pays de la Loire;Pays de la Loire
Languedoc-Roussillon;Occitanie
Languedoc-Roussillon;Occitanie
Aquitaine;Nouvelle Aquitaine
Provence-Alpes-Côte-d'Azur;Provence-Alpes-Côte-d'Azur
Languedoc-Roussillon;Occitanie
Centre;Centre - Val-de-Loire
Ile-de-France;Ile-de-France
Champagne-Ardenne;Grand-Est
Pays de la Loire;Pays de la Loire
Ile-de-France;Ile-de-France
Provence-Alpes-Côte-d'Azur;Provence-Alpes-Côte-d'Azur
Picardie;Hauts-de-France
Rhône-Alpes;Auvergne - Rhône-Alpes
Alsace;Grand-Est
Aquitaine;Nouvelle Aquitaine
Rhône-Alpes;Auvergne - Rhône-Alpes
Alsace;Grand-Est
Ile-de-France;Ile-de-France
Languedoc-Roussillon;Occitanie
Rhône-Alpes;Auvergne - Rhône-Alpes
Ile-de-France;Ile-de-France
Bretagne;Bretagne
Poitou-Charentes;Nouvelle Aquitaine
Aquitaine;Nouvelle Aquitaine
Ile-de-France;Ile-de-France
Provence-Alpes-Côte-d'Azur;Provence-Alpes-Côte-d'Azur
Aquitaine;Nouvelle Aquitaine
Aquitaine;Nouvelle Aquitaine
Auvergne;Auvergne - Rhône-Alpes
Ile-de-France;Ile-de-France
Bretagne;Bretagne
Bretagne;Bretagne
Poitou-Charentes;Nouvelle Aquitaine
Lorraine;Grand-Est
Franche-Comté;Bourgogne - Franche-Comté
Rhône-Alpes;Auvergne - Rhône-Alpes
Ile-de-France;Ile-de-France
Aquitaine;Nouvelle Aquitaine
Pays de la Loire;Pays de la Loire
Languedoc-Roussillon;Occitanie
Aquitaine;Nouvelle Aquitaine
Languedoc-Roussillon;Occitanie
Languedoc-Roussillon;Occitanie
Midi-Pyrénées;Occitanie
Picardie;Hauts-de-France
Bretagne;Bretagne
Provence-Alpes-Côte-d'Azur;Provence-Alpes-Côte-d'Azur
Pays de la Loire;Pays de la Loire
Bretagne;Bretagne
Aquitaine;Nouvelle Aquitaine
Languedoc-Roussillon;Occitanie
Rhône-Alpes;Auvergne - Rhône-Alpes
Bretagne;Bretagne
Aquitaine;Nouvelle Aquitaine
Poitou-Charentes;Nouvelle Aquitaine
Nord-Pas-de-Calais;Hauts-de-France
Alsace;Grand-Est
Ile-de-France;Ile-de-France
Pays de la Loire;Pays de la Loire
Aquitaine;Nouvelle Aquitaine
Provence-Alpes-Côte-d'Azur;Provence-Alpes-Côte-d'Azur
Bourgogne;Bourgogne - Franche-Comté
Nord-Pas-de-Calais;Hauts-de-France
Lorraine;Grand-Est
Midi-Pyrénées;Occitanie
Ile-de-France;Ile-de-France
Languedoc-Roussillon;Occitanie
Rhône-Alpes;Auvergne - Rhône-Alpes
Languedoc-Roussillon;Occitanie
Provence-Alpes-Côte-d'Azur;Provence-Alpes-Côte-d'Azur
Languedoc-Roussillon;Occitanie
Aquitaine;Nouvelle Aquitaine
Limousin;Nouvelle Aquitaine
Centre;Centre - Val-de-Loire
Nord-Pas-de-Calais;Hauts-de-France
Centre;Centre - Val-de-Loire
Auvergne;Auvergne - Rhône-Alpes
Midi-Pyrénées;Occitanie
Rhône-Alpes;Auvergne - Rhône-Alpes
Bretagne;Bretagne
Aquitaine;Nouvelle Aquitaine
Franche-Comté;Bourgogne - Franche-Comté
Ile-de-France;Ile-de-France
Rhône-Alpes;Auvergne - Rhône-Alpes
Rhône-Alpes;Auvergne - Rhône-Alpes
Pays de la Loire;Pays de la Loire
Bourgogne;Bourgogne - Franche-Comté
Aquitaine;Nouvelle Aquitaine
Rhône-Alpes;Auvergne - Rhône-Alpes
Midi-Pyrénées;Occitanie
Languedoc-Roussillon;Occitanie
Pays de la Loire;Pays de la Loire
Basse-Normandie;Normandie
Limousin;Nouvelle Aquitaine
Pays de la Loire;Pays de la Loire
Rhône-Alpes;Auvergne - Rhône-Alpes
Centre;Centre - Val-de-Loire
Lorraine;Grand-Est
Pays de la Loire;Pays de la Loire
Pays de la Loire;Pays de la Loire
Languedoc-Roussillon;Occitanie
Aquitaine;Nouvelle Aquitaine
Nord-Pas-de-Calais;Hauts-de-France
Languedoc-Roussillon;Occitanie
Rhône-Alpes;Auvergne - Rhône-Alpes
Auvergne;Auvergne - Rhône-Alpes
Midi-Pyrénées;Occitanie
Aquitaine;Nouvelle Aquitaine
Champagne-Ardenne;Grand-Est
Lorraine;Grand-Est
Rhône-Alpes;Auvergne - Rhône-Alpes
Ile-de-France;Ile-de-France
Languedoc-Roussillon;Occitanie
Midi-Pyrénées;Occitanie
Centre;Centre - Val-de-Loire
Centre;Centre - Val-de-Loire
Provence-Alpes-Côte-d'Azur;Provence-Alpes-Côte-d'Azur
Midi-Pyrénées;Occitanie
Provence-Alpes-Côte-d'Azur;Provence-Alpes-Côte-d'Azur
Provence-Alpes-Côte-d'Azur;Provence-Alpes-Côte-d'Azur
Rhône-Alpes;Auvergne - Rhône-Alpes
Pays de la Loire;Pays de la Loire
Rhône-Alpes;Auvergne - Rhône-Alpes
Ile-de-France;Ile-de-France
Midi-Pyrénées;Occitanie
Haute-Normandie;Normandie
Haute-Normandie;Normandie
Ile-de-France;Ile-de-France
Ile-de-France;Ile-de-France
Aquitaine;Nouvelle Aquitaine
Rhône-Alpes;Auvergne - Rhône-Alpes
Champagne-Ardenne;Grand-Est
Rhône-Alpes;Auvergne - Rhône-Alpes
Rhône-Alpes;Auvergne - Rhône-Alpes
Pays de la Loire;Pays de la Loire
Alsace;Grand-Est
Alsace;Grand-Est
Alsace;Grand-Est
Ile-de-France;Ile-de-France
Corse;Corse
Ile-de-France;Ile-de-France
Rhône-Alpes;Auvergne - Rhône-Alpes
Provence-Alpes-Côte-d'Azur;Provence-Alpes-Côte-d'Azur
Midi-Pyrénées;Occitanie
Rhône-Alpes;Auvergne - Rhône-Alpes
Rhône-Alpes;Auvergne - Rhône-Alpes
Nord-Pas-de-Calais;Hauts-de-France
Pays de la Loire;Pays de la Loire
Provence-Alpes-Côte-d'Azur;Provence-Alpes-Côte-d'Azur
Provence-Alpes-Côte-d'Azur;Provence-Alpes-Côte-d'Azur
Provence-Alpes-Côte-d'Azur;Provence-Alpes-Côte-d'Azur
Midi-Pyrénées;Occitanie
Ile-de-France;Ile-de-France
Centre;Centre - Val-de-Loire
Ile-de-France;Ile-de-France
Midi-Pyrénées;Occitanie
Ile-de-France;Ile-de-France
Ile-de-France;Ile-de-France
Ile-de-France;Ile-de-France
Ile-de-France;Ile-de-France
Ile-de-France;Ile-de-France
Ile-de-France;Ile-de-France
Ile-de-France;Ile-de-France
Ile-de-France;Ile-de-France
Ile-de-France;Ile-de-France
Ile-de-France;Ile-de-France
Ile-de-France;Ile-de-France
Ile-de-France;Ile-de-France
Ile-de-France;Ile-de-France
Ile-de-France;Ile-de-France
Aquitaine;Nouvelle Aquitaine
Languedoc-Roussillon;Occitanie
Aquitaine;Nouvelle Aquitaine
Provence-Alpes-Côte-d'Azur;Provence-Alpes-Côte-d'Azur
Corse;Corse
Midi-Pyrénées;Occitanie
Basse-Normandie;Normandie
Ile-de-France;Ile-de-France
Languedoc-Roussillon;Occitanie
Picardie;Hauts-de-France
Picardie;Hauts-de-France
Centre;Centre - Val-de-Loire
Rhône-Alpes;Auvergne - Rhône-Alpes
Rhône-Alpes;Auvergne - Rhône-Alpes
Rhône-Alpes;Auvergne - Rhône-Alpes
Rhône-Alpes;Auvergne - Rhône-Alpes
Limousin;Nouvelle Aquitaine
Poitou-Charentes;Nouvelle Aquitaine
Ile-de-France;Ile-de-France
Nord-Pas-de-Calais;Hauts-de-France
Ile-de-France;Ile-de-France
Ile-de-France;Ile-de-France
Pays de la Loire;Pays de la Loire
Centre;Centre - Val-de-Loire
Limousin;Nouvelle Aquitaine
Bretagne;Bretagne
Auvergne;Auvergne - Rhône-Alpes
Provence-Alpes-Côte-d'Azur;Provence-Alpes-Côte-d'Azur
Bretagne;Bretagne
Aquitaine;Nouvelle Aquitaine
Provence-Alpes-Côte-d'Azur;Provence-Alpes-Côte-d'Azur
Pays de la Loire;Pays de la Loire
Pays de la Loire;Pays de la Loire
Picardie;Hauts-de-France
Picardie;Hauts-de-France
Aquitaine;Nouvelle Aquitaine
Alsace;Grand-Est
Nord-Pas-de-Calais;Hauts-de-France
Haute-Normandie;Normandie
Nord-Pas-de-Calais;Hauts-de-France
Centre;Centre - Val-de-Loire
Centre;Centre - Val-de-Loire
Ile-de-France;Ile-de-France
Provence-Alpes-Côte-d'Azur;Provence-Alpes-Côte-d'Azur
Rhône-Alpes;Auvergne - Rhône-Alpes
Ile-de-France;Ile-de-France
Centre;Centre - Val-de-Loire
Centre;Centre - Val-de-Loire
Bretagne;Bretagne
Bretagne;Bretagne
Pays de la Loire;Pays de la Loire
Basse-Normandie;Normandie
Alsace;Grand-Est
Bretagne;Bretagne
Rhône-Alpes;Auvergne - Rhône-Alpes
Poitou-Charentes;Nouvelle Aquitaine
Aquitaine;Nouvelle Aquitaine
Basse-Normandie;Normandie
Provence-Alpes-Côte-d'Azur;Provence-Alpes-Côte-d'Azur
Provence-Alpes-Côte-d'Azur;Provence-Alpes-Côte-d'Azur
Bretagne;Bretagne
Rhône-Alpes;Auvergne - Rhône-Alpes
Nord-Pas-de-Calais;Hauts-de-France
Provence-Alpes-Côte-d'Azur;Provence-Alpes-Côte-d'Azur
Provence-Alpes-Côte-d'Azur;Provence-Alpes-Côte-d'Azur
Provence-Alpes-Côte-d'Azur;Provence-Alpes-Côte-d'Azur
Provence-Alpes-Côte-d'Azur;Provence-Alpes-Côte-d'Azur
Languedoc-Roussillon;Occitanie
Bretagne;Bretagne
Aquitaine;Nouvelle Aquitaine
Midi-Pyrénées;Occitanie
Midi-Pyrénées;Occitanie
Midi-Pyrénées;Occitanie
Ile-de-France;Ile-de-France
Poitou-Charentes;Nouvelle Aquitaine
Pays de la Loire;Pays de la Loire
Bourgogne;Bourgogne - Franche-Comté
Bourgogne;Bourgogne - Franche-Comté
Rhône-Alpes;Auvergne - Rhône-Alpes
Rhône-Alpes;Auvergne - Rhône-Alpes
Picardie;Hauts-de-France
Bretagne;Bretagne
Poitou-Charentes;Nouvelle Aquitaine
Pays de la Loire;Pays de la Loire
Centre;Centre - Val-de-Loire
Limousin;Nouvelle Aquitaine
Provence-Alpes-Côte-d'Azur;Provence-Alpes-Côte-d'Azur
Centre;Centre - Val-de-Loire
Poitou-Charentes;Nouvelle Aquitaine
Bourgogne;Bourgogne - Franche-Comté
Champagne-Ardenne;Grand-Est
Ile-de-France;Ile-de-France
Pays de la Loire;Pays de la Loire
Basse-Normandie;Normandie
Poitou-Charentes;Nouvelle Aquitaine
Ile-de-France;Ile-de-France
Lorraine;Grand-Est
Basse-Normandie;Normandie
Lorraine;Grand-Est
Nord-Pas-de-Calais;Hauts-de-France
Basse-Normandie;Normandie
Poitou-Charentes;Nouvelle Aquitaine
Picardie;Hauts-de-France
Provence-Alpes-Côte-d'Azur;Provence-Alpes-Côte-d'Azur
Bretagne;Bretagne
Franche-Comté;Bourgogne - Franche-Comté
Aquitaine;Nouvelle Aquitaine
Nord-Pas-de-Calais;Hauts-de-France
Haute-Normandie;Normandie
Bourgogne;Bourgogne - Franche-Comté
Bourgogne;Bourgogne - Franche-Comté
Bretagne;Bretagne
Bretagne;Bretagne
Aquitaine;Nouvelle Aquitaine
Midi-Pyrénées;Occitanie
Rhône-Alpes;Auvergne - Rhône-Alpes
Limousin;Nouvelle Aquitaine
Provence-Alpes-Côte-d'Azur;Provence-Alpes-Côte-d'Azur
Ile-de-France;Ile-de-France
Champagne-Ardenne;Grand-Est
Ile-de-France;Ile-de-France
Ile-de-France;Ile-de-France
Bretagne;Bretagne
Ile-de-France;Ile-de-France
Languedoc-Roussillon;Occitanie
Rhône-Alpes;Auvergne - Rhône-Alpes
Pays de la Loire;Pays de la Loire
Franche-Comté;Bourgogne - Franche-Comté
Ile-de-France;Ile-de-France
Ile-de-France;Ile-de-France
Provence-Alpes-Côte-d'Azur;Provence-Alpes-Côte-d'Azur
Ile-de-France;Ile-de-France
Provence-Alpes-Côte-d'Azur;Provence-Alpes-Côte-d'Azur
Provence-Alpes-Côte-d'Azur;Provence-Alpes-Côte-d'Azur
Lorraine;Grand-Est
Rhône-Alpes;Auvergne - Rhône-Alpes
Ile-de-France;Ile-de-France
Haute-Normandie;Normandie
Rhône-Alpes;Auvergne - Rhône-Alpes
Provence-Alpes-Côte-d'Azur;Provence-Alpes-Côte-d'Azur
Provence-Alpes-Côte-d'Azur;Provence-Alpes-Côte-d'Azur
Provence-Alpes-Côte-d'Azur;Provence-Alpes-Côte-d'Azur
Rhône-Alpes;Auvergne - Rhône-Alpes
Bourgogne;Bourgogne - Franche-Comté
Bretagne;Bretagne
Aquitaine;Nouvelle Aquitaine
Alsace;Grand-Est
Haute-Normandie;Normandie
Nord-Pas-de-Calais;Hauts-de-France
Nord-Pas-de-Calais;Hauts-de-France
Basse-Normandie;Normandie
Pays de la Loire;Pays de la Loire
Centre;Centre - Val-de-Loire
Provence-Alpes-Côte-d'Azur;Provence-Alpes-Côte-d'Azur
Ile-de-France;Ile-de-France
Pays de la Loire;Pays de la Loire
Pays de la Loire;Pays de la Loire
Lorraine;Grand-Est
Bourgogne;Bourgogne - Franche-Comté
Poitou-Charentes;Nouvelle Aquitaine
Ile-de-France;Ile-de-France
Ile-de-France;Ile-de-France
Midi-Pyrénées;Occitanie
Aquitaine;Nouvelle Aquitaine
Ile-de-France;Ile-de-France
Provence-Alpes-Côte-d'Azur;Provence-Alpes-Côte-d'Azur
Centre;Centre - Val-de-Loire
Bretagne;Bretagne
Languedoc-Roussillon;Occitanie
Champagne-Ardenne;Grand-Est
Rhône-Alpes;Auvergne - Rhône-Alpes
Rhône-Alpes;Auvergne - Rhône-Alpes
Nord-Pas-de-Calais;Hauts-de-France
Aquitaine;Nouvelle Aquitaine
Nord-Pas-de-Calais;Hauts-de-France
Ile-de-France;Ile-de-France
Franche-Comté;Bourgogne - Franche-Comté
Pays de la Loire;Pays de la Loire
Pays de la Loire;Pays de la Loire
Midi-Pyrénées;Occitanie
Bourgogne;Bourgogne - Franche-Comté
Rhône-Alpes;Auvergne - Rhône-Alpes
Rhône-Alpes;Auvergne - Rhône-Alpes
Rhône-Alpes;Auvergne - Rhône-Alpes
Franche-Comté;Bourgogne - Franche-Comté
Bretagne;Bretagne
Pays de la Loire;Pays de la Loire
Pays de la Loire;Pays de la Loire
Ile-de-France;Ile-de-France
Corse;Corse
Provence-Alpes-Côte-d'Azur;Provence-Alpes-Côte-d'Azur
Provence-Alpes-Côte-d'Azur;Provence-Alpes-Côte-d'Azur
Languedoc-Roussillon;Occitanie
Midi-Pyrénées;Occitanie
Poitou-Charentes;Nouvelle Aquitaine
Auvergne;Auvergne - Rhône-Alpes
Rhône-Alpes;Auvergne - Rhône-Alpes
Ile-de-France;Ile-de-France
Provence-Alpes-Côte-d'Azur;Provence-Alpes-Côte-d'Azur
Franche-Comté;Bourgogne - Franche-Comté
Rhône-Alpes;Auvergne - Rhône-Alpes
Bretagne;Bretagne
Rhône-Alpes;Auvergne - Rhône-Alpes
Franche-Comté;Bourgogne - Franche-Comté
Aquitaine;Nouvelle Aquitaine
Bretagne;Bretagne
Bourgogne;Bourgogne - Franche-Comté
Centre;Centre - Val-de-Loire
Picardie;Hauts-de-France
Ile-de-France;Ile-de-France
Aquitaine;Nouvelle Aquitaine
Ile-de-France;Ile-de-France
Ile-de-France;Ile-de-France
Haute-Normandie;Normandie
Languedoc-Roussillon;Occitanie
Rhône-Alpes;Auvergne - Rhône-Alpes
Pays de la Loire;Pays de la Loire
Aquitaine;Nouvelle Aquitaine
Rhône-Alpes;Auvergne - Rhône-Alpes
Picardie;Hauts-de-France
Franche-Comté;Bourgogne - Franche-Comté
Bretagne;Bretagne
Rhône-Alpes;Auvergne - Rhône-Alpes
Rhône-Alpes;Auvergne - Rhône-Alpes
Alsace;Grand-Est
Alsace;Grand-Est
Lorraine;Grand-Est
Ile-de-France;Ile-de-France
Pays de la Loire;Pays de la Loire
Pays de la Loire;Pays de la Loire
Rhône-Alpes;Auvergne - Rhône-Alpes
Ile-de-France;Ile-de-France
Centre;Centre - Val-de-Loire
Poitou-Charentes;Nouvelle Aquitaine
Bourgogne;Bourgogne - Franche-Comté
Provence-Alpes-Côte-d'Azur;Provence-Alpes-Côte-d'Azur
Provence-Alpes-Côte-d'Azur;Provence-Alpes-Côte-d'Azur
Provence-Alpes-Côte-d'Azur;Provence-Alpes-Côte-d'Azur
Provence-Alpes-Côte-d'Azur;Provence-Alpes-Côte-d'Azur
Provence-Alpes-Côte-d'Azur;Provence-Alpes-Côte-d'Azur
Languedoc-Roussillon;Occitanie
Languedoc-Roussillon;Occitanie
Poitou-Charentes;Nouvelle Aquitaine
Ile-de-France;Ile-de-France
Rhône-Alpes;Auvergne - Rhône-Alpes
Provence-Alpes-Côte-d'Azur;Provence-Alpes-Côte-d'Azur
Rhône-Alpes;Auvergne - Rhône-Alpes
Ile-de-France;Ile-de-France
Rhône-Alpes;Auvergne - Rhône-Alpes
Ile-de-France;Ile-de-France
Aquitaine;Nouvelle Aquitaine
Aquitaine;Nouvelle Aquitaine
Languedoc-Roussillon;Occitanie
Midi-Pyrénées;Occitanie
Bretagne;Bretagne
Poitou-Charentes;Nouvelle Aquitaine
Franche-Comté;Bourgogne - Franche-Comté
Rhône-Alpes;Auvergne - Rhône-Alpes
Bourgogne;Bourgogne - Franche-Comté
Bretagne;Bretagne
Rhône-Alpes;Auvergne - Rhône-Alpes
Rhône-Alpes;Auvergne - Rhône-Alpes
Languedoc-Roussillon;Occitanie
Languedoc-Roussillon;Occitanie
Bretagne;Bretagne
Lorraine;Grand-Est
Auvergne;Auvergne - Rhône-Alpes
Midi-Pyrénées;Occitanie
Pays de la Loire;Pays de la Loire
Aquitaine;Nouvelle Aquitaine
Centre;Centre - Val-de-Loire
Rhône-Alpes;Auvergne - Rhône-Alpes
Ile-de-France;Ile-de-France
Rhône-Alpes;Auvergne - Rhône-Alpes
Poitou-Charentes;Nouvelle Aquitaine
Poitou-Charentes;Nouvelle Aquitaine
Ile-de-France;Ile-de-France
Midi-Pyrénées;Occitanie
Rhône-Alpes;Auvergne - Rhône-Alpes
Ile-de-France;Ile-de-France
Franche-Comté;Bourgogne - Franche-Comté
Poitou-Charentes;Nouvelle Aquitaine
Pays de la Loire;Pays de la Loire
Aquitaine;Nouvelle Aquitaine
Aquitaine;Nouvelle Aquitaine
Rhône-Alpes;Auvergne - Rhône-Alpes
Alsace;Grand-Est
Ile-de-France;Ile-de-France
Alsace;Grand-Est
Pays de la Loire;Pays de la Loire
Alsace;Grand-Est
Picardie;Hauts-de-France
Centre;Centre - Val-de-Loire
Bourgogne;Bourgogne - Franche-Comté
Ile-de-France;Ile-de-France
Provence-Alpes-Côte-d'Azur;Provence-Alpes-Côte-d'Azur
Midi-Pyrénées;Occitanie
Aquitaine;Nouvelle Aquitaine
Alsace;Grand-Est
Alsace;Grand-Est
Centre;Centre - Val-de-Loire
Aquitaine;Nouvelle Aquitaine
Pays de la Loire;Pays de la Loire
Ile-de-France;Ile-de-France
Centre;Centre - Val-de-Loire
Lorraine;Grand-Est
Rhône-Alpes;Auvergne - Rhône-Alpes
Rhône-Alpes;Auvergne - Rhône-Alpes
Provence-Alpes-Côte-d'Azur;Provence-Alpes-Côte-d'Azur
Rhône-Alpes;Auvergne - Rhône-Alpes
Midi-Pyrénées;Occitanie
Rhône-Alpes;Auvergne - Rhône-Alpes
Ile-de-France;Ile-de-France
Aquitaine;Nouvelle Aquitaine
Pays de la Loire;Pays de la Loire
Rhône-Alpes;Auvergne - Rhône-Alpes
Lorraine;Grand-Est
Rhône-Alpes;Auvergne - Rhône-Alpes
Limousin;Nouvelle Aquitaine
Picardie;Hauts-de-France
Midi-Pyrénées;Occitanie
Bretagne;Bretagne
Bretagne;Bretagne
Rhône-Alpes;Auvergne - Rhône-Alpes
Provence-Alpes-Côte-d'Azur;Provence-Alpes-Côte-d'Azur
Rhône-Alpes;Auvergne - Rhône-Alpes
Ile-de-France;Ile-de-France
Midi-Pyrénées;Occitanie
Pays de la Loire;Pays de la Loire
Pays de la Loire;Pays de la Loire
Basse-Normandie;Normandie
Picardie;Hauts-de-France
Poitou-Charentes;Nouvelle Aquitaine
Aquitaine;Nouvelle Aquitaine
Provence-Alpes-Côte-d'Azur;Provence-Alpes-Côte-d'Azur
Rhône-Alpes;Auvergne - Rhône-Alpes
Rhône-Alpes;Auvergne - Rhône-Alpes
Provence-Alpes-Côte-d'Azur;Provence-Alpes-Côte-d'Azur
Nord-Pas-de-Calais;Hauts-de-France
Auvergne;Auvergne - Rhône-Alpes
Lorraine;Grand-Est
Aquitaine;Nouvelle Aquitaine
Rhône-Alpes;Auvergne - Rhône-Alpes
Poitou-Charentes;Nouvelle Aquitaine
Basse-Normandie;Normandie
Poitou-Charentes;Nouvelle Aquitaine
Midi-Pyrénées;Occitanie
Poitou-Charentes;Nouvelle Aquitaine
Ile-de-France;Ile-de-France
Limousin;Nouvelle Aquitaine
Languedoc-Roussillon;Occitanie
Provence-Alpes-Côte-d'Azur;Provence-Alpes-Côte-d'Azur
Rhône-Alpes;Auvergne - Rhône-Alpes
Nord-Pas-de-Calais;Hauts-de-France
Rhône-Alpes;Auvergne - Rhône-Alpes
Basse-Normandie;Normandie
Provence-Alpes-Côte-d'Azur;Provence-Alpes-Côte-d'Azur
Ile-de-France;Ile-de-France
Ile-de-France;Ile-de-France
Rhône-Alpes;Auvergne - Rhône-Alpes
Ile-de-France;Ile-de-France
Picardie;Hauts-de-France
Provence-Alpes-Côte-d'Azur;Provence-Alpes-Côte-d'Azur
Rhône-Alpes;Auvergne - Rhône-Alpes
Rhône-Alpes;Auvergne - Rhône-Alpes
Ile-de-France;Ile-de-France
Poitou-Charentes;Nouvelle Aquitaine
Nord-Pas-de-Calais;Hauts-de-France
Auvergne;Auvergne - Rhône-Alpes
Provence-Alpes-Côte-d'Azur;Provence-Alpes-Côte-d'Azur
Rhône-Alpes;Auvergne - Rhône-Alpes
Rhône-Alpes;Auvergne - Rhône-Alpes
Rhône-Alpes;Auvergne - Rhône-Alpes
Franche-Comté;Bourgogne - Franche-Comté
Centre;Centre - Val-de-Loire
Rhône-Alpes;Auvergne - Rhône-Alpes
Rhône-Alpes;Auvergne - Rhône-Alpes
Midi-Pyrénées;Occitanie
Midi-Pyrénées;Occitanie
Provence-Alpes-Côte-d'Azur;Provence-Alpes-Côte-d'Azur
Ile-de-France;Ile-de-France
Bretagne;Bretagne
Rhône-Alpes;Auvergne - Rhône-Alpes
Ile-de-France;Ile-de-France
Ile-de-France;Ile-de-France
Ile-de-France;Ile-de-France
Ile-de-France;Ile-de-France
Ile-de-France;Ile-de-France
Ile-de-France;Ile-de-France
Ile-de-France;Ile-de-France
Ile-de-France;Ile-de-France
Ile-de-France;Ile-de-France
Ile-de-France;Ile-de-France
Ile-de-France;Ile-de-France
Ile-de-France;Ile-de-France
Ile-de-France;Ile-de-France
Ile-de-France;Ile-de-France
Picardie;Hauts-de-France
Basse-Normandie;Normandie
Basse-Normandie;Normandie
Pays de la Loire;Pays de la Loire
Provence-Alpes-Côte-d'Azur;Provence-Alpes-Côte-d'Azur
Pays de la Loire;Pays de la Loire
Nord-Pas-de-Calais;Hauts-de-France
Rhône-Alpes;Auvergne - Rhône-Alpes
Rhône-Alpes;Auvergne - Rhône-Alpes
Provence-Alpes-Côte-d'Azur;Provence-Alpes-Côte-d'Azur
Ile-de-France;Ile-de-France
Ile-de-France;Ile-de-France
Ile-de-France;Ile-de-France
Ile-de-France;Ile-de-France
Centre;Centre - Val-de-Loire
Provence-Alpes-Côte-d'Azur;Provence-Alpes-Côte-d'Azur
Provence-Alpes-Côte-d'Azur;Provence-Alpes-Côte-d'Azur
Midi-Pyrénées;Occitanie
Bretagne;Bretagne
Lorraine;Grand-Est
Haute-Normandie;Normandie
Bourgogne;Bourgogne - Franche-Comté
Bourgogne;Bourgogne - Franche-Comté
Provence-Alpes-Côte-d'Azur;Provence-Alpes-Côte-d'Azur
Nord-Pas-de-Calais;Hauts-de-France
Midi-Pyrénées;Occitanie
Midi-Pyrénées;Occitanie
Ile-de-France;Ile-de-France
Ile-de-France;Ile-de-France
Basse-Normandie;Normandie
Ile-de-France;Ile-de-France
Midi-Pyrénées;Occitanie
Midi-Pyrénées;Occitanie
Provence-Alpes-Côte-d'Azur;Provence-Alpes-Côte-d'Azur
Lorraine;Grand-Est
Basse-Normandie;Normandie
Corse;Corse
Aquitaine;Nouvelle Aquitaine
Rhône-Alpes;Auvergne - Rhône-Alpes
Pays de la Loire;Pays de la Loire
Rhône-Alpes;Auvergne - Rhône-Alpes
Ile-de-France;Ile-de-France
Rhône-Alpes;Auvergne - Rhône-Alpes
Aquitaine;Nouvelle Aquitaine
Provence-Alpes-Côte-d'Azur;Provence-Alpes-Côte-d'Azur
Auvergne;Auvergne - Rhône-Alpes
Ile-de-France;Ile-de-France
Languedoc-Roussillon;Occitanie
Aquitaine;Nouvelle Aquitaine
Aquitaine;Nouvelle Aquitaine
Alsace;Grand-Est
Midi-Pyrénées;Occitanie
Lorraine;Grand-Est
Poitou-Charentes;Nouvelle Aquitaine
Auvergne;Auvergne - Rhône-Alpes
Basse-Normandie;Normandie
Aquitaine;Nouvelle Aquitaine
Aquitaine;Nouvelle Aquitaine
Aquitaine;Nouvelle Aquitaine
Auvergne;Auvergne - Rhône-Alpes
Rhône-Alpes;Auvergne - Rhône-Alpes
Nord-Pas-de-Calais;Hauts-de-France
Bretagne;Bretagne
Provence-Alpes-Côte-d'Azur;Provence-Alpes-Côte-d'Azur
Provence-Alpes-Côte-d'Azur;Provence-Alpes-Côte-d'Azur
Nord-Pas-de-Calais;Hauts-de-France
Languedoc-Roussillon;Occitanie
Basse-Normandie;Normandie
Nord-Pas-de-Calais;Hauts-de-France
Aquitaine;Nouvelle Aquitaine
Provence-Alpes-Côte-d'Azur;Provence-Alpes-Côte-d'Azur
Midi-Pyrénées;Occitanie
Languedoc-Roussillon;Occitanie
Basse-Normandie;Normandie
Bretagne;Bretagne
Provence-Alpes-Côte-d'Azur;Provence-Alpes-Côte-d'Azur
Provence-Alpes-Côte-d'Azur;Provence-Alpes-Côte-d'Azur
Midi-Pyrénées;Occitanie
Aquitaine;Nouvelle Aquitaine
Languedoc-Roussillon;Occitanie
Midi-Pyrénées;Occitanie
Midi-Pyrénées;Occitanie
Aquitaine;Nouvelle Aquitaine
Midi-Pyrénées;Occitanie
Champagne-Ardenne;Grand-Est
Champagne-Ardenne;Grand-Est
Bourgogne;Bourgogne - Franche-Comté
Rhône-Alpes;Auvergne - Rhône-Alpes
Rhône-Alpes;Auvergne - Rhône-Alpes
Franche-Comté;Bourgogne - Franche-Comté
Pays de la Loire;Pays de la Loire
Bourgogne;Bourgogne - Franche-Comté
Champagne-Ardenne;Grand-Est
Centre;Centre - Val-de-Loire
Pays de la Loire;Pays de la Loire
Bretagne;Bretagne
Pays de la Loire;Pays de la Loire
Centre;Centre - Val-de-Loire
Auvergne;Auvergne - Rhône-Alpes
Bourgogne;Bourgogne - Franche-Comté
Provence-Alpes-Côte-d'Azur;Provence-Alpes-Côte-d'Azur
Poitou-Charentes;Nouvelle Aquitaine
Ile-de-France;Ile-de-France
Ile-de-France;Ile-de-France
Bourgogne;Bourgogne - Franche-Comté
Auvergne;Auvergne - Rhône-Alpes
Auvergne;Auvergne - Rhône-Alpes
Auvergne;Auvergne - Rhône-Alpes
Bourgogne;Bourgogne - Franche-Comté
Ile-de-France;Ile-de-France
Rhône-Alpes;Auvergne - Rhône-Alpes
Provence-Alpes-Côte-d'Azur;Provence-Alpes-Côte-d'Azur
Lorraine;Grand-Est
Provence-Alpes-Côte-d'Azur;Provence-Alpes-Côte-d'Azur
Ile-de-France;Ile-de-France
Ile-de-France;Ile-de-France
Rhône-Alpes;Auvergne - Rhône-Alpes
Limousin;Nouvelle Aquitaine
Rhône-Alpes;Auvergne - Rhône-Alpes
Midi-Pyrénées;Occitanie
Centre;Centre - Val-de-Loire
Haute-Normandie;Normandie
Provence-Alpes-Côte-d'Azur;Provence-Alpes-Côte-d'Azur
Bretagne;Bretagne
Rhône-Alpes;Auvergne - Rhône-Alpes
Franche-Comté;Bourgogne - Franche-Comté
Rhône-Alpes;Auvergne - Rhône-Alpes
Limousin;Nouvelle Aquitaine
Bretagne;Bretagne
Nord-Pas-de-Calais;Hauts-de-France
Rhône-Alpes;Auvergne - Rhône-Alpes
Provence-Alpes-Côte-d'Azur;Provence-Alpes-Côte-d'Azur
Auvergne;Auvergne - Rhône-Alpes
Nord-Pas-de-Calais;Hauts-de-France
Limousin;Nouvelle Aquitaine
Rhône-Alpes;Auvergne - Rhône-Alpes
Haute-Normandie;Normandie
Pays de la Loire;Pays de la Loire
Provence-Alpes-Côte-d'Azur;Provence-Alpes-Côte-d'Azur
Haute-Normandie;Normandie
Centre;Centre - Val-de-Loire
Midi-Pyrénées;Occitanie
Midi-Pyrénées;Occitanie
Rhône-Alpes;Auvergne - Rhône-Alpes
Lorraine;Grand-Est
Haute-Normandie;Normandie
Picardie;Hauts-de-France
Provence-Alpes-Côte-d'Azur;Provence-Alpes-Côte-d'Azur
Bretagne;Bretagne
Poitou-Charentes;Nouvelle Aquitaine
Rhône-Alpes;Auvergne - Rhône-Alpes
Ile-de-France;Ile-de-France
Midi-Pyrénées;Occitanie
Haute-Normandie;Normandie
Provence-Alpes-Côte-d'Azur;Provence-Alpes-Côte-d'Azur
Haute-Normandie;Normandie
Rhône-Alpes;Auvergne - Rhône-Alpes
Basse-Normandie;Normandie
Midi-Pyrénées;Occitanie
Picardie;Hauts-de-France
Nord-Pas-de-Calais;Hauts-de-France
Haute-Normandie;Normandie
Ile-de-France;Ile-de-France
Midi-Pyrénées;Occitanie
Bretagne;Bretagne
Provence-Alpes-Côte-d'Azur;Provence-Alpes-Côte-d'Azur
Rhône-Alpes;Auvergne - Rhône-Alpes
Lorraine;Grand-Est
Rhône-Alpes;Auvergne - Rhône-Alpes
Nord-Pas-de-Calais;Hauts-de-France
Midi-Pyrénées;Occitanie
Bourgogne;Bourgogne - Franche-Comté
Midi-Pyrénées;Occitanie
Bretagne;Bretagne
Aquitaine;Nouvelle Aquitaine
Languedoc-Roussillon;Occitanie
Midi-Pyrénées;Occitanie
Bretagne;Bretagne
Languedoc-Roussillon;Occitanie
Aquitaine;Nouvelle Aquitaine
Bretagne;Bretagne
Nord-Pas-de-Calais;Hauts-de-France
Basse-Normandie;Normandie
Centre;Centre - Val-de-Loire
Bretagne;Bretagne
Ile-de-France;Ile-de-France
Franche-Comté;Bourgogne - Franche-Comté
Bretagne;Bretagne
Midi-Pyrénées;Occitanie
Pays de la Loire;Pays de la Loire
Lorraine;Grand-Est
Rhône-Alpes;Auvergne - Rhône-Alpes
Rhône-Alpes;Auvergne - Rhône-Alpes
Rhône-Alpes;Auvergne - Rhône-Alpes
Bourgogne;Bourgogne - Franche-Comté
Provence-Alpes-Côte-d'Azur;Provence-Alpes-Côte-d'Azur
Bourgogne;Bourgogne - Franche-Comté
Aquitaine;Nouvelle Aquitaine
Haute-Normandie;Normandie
Provence-Alpes-Côte-d'Azur;Provence-Alpes-Côte-d'Azur
Provence-Alpes-Côte-d'Azur;Provence-Alpes-Côte-d'Azur
Poitou-Charentes;Nouvelle Aquitaine
Provence-Alpes-Côte-d'Azur;Provence-Alpes-Côte-d'Azur
Midi-Pyrénées;Occitanie
Rhône-Alpes;Auvergne - Rhône-Alpes
Bretagne;Bretagne
Aquitaine;Nouvelle Aquitaine
Poitou-Charentes;Nouvelle Aquitaine
Ile-de-France;Ile-de-France
Ile-de-France;Ile-de-France
Aquitaine;Nouvelle Aquitaine
Lorraine;Grand-Est
Rhône-Alpes;Auvergne - Rhône-Alpes
Ile-de-France;Ile-de-France
Ile-de-France;Ile-de-France
Midi-Pyrénées;Occitanie
Poitou-Charentes;Nouvelle Aquitaine
Basse-Normandie;Normandie
Aquitaine;Nouvelle Aquitaine
Centre;Centre - Val-de-Loire
Aquitaine;Nouvelle Aquitaine
Rhône-Alpes;Auvergne - Rhône-Alpes
Provence-Alpes-Côte-d'Azur;Provence-Alpes-Côte-d'Azur
Poitou-Charentes;Nouvelle Aquitaine
Lorraine;Grand-Est
Rhône-Alpes;Auvergne - Rhône-Alpes
Poitou-Charentes;Nouvelle Aquitaine
Ile-de-France;Ile-de-France
Rhône-Alpes;Auvergne - Rhône-Alpes
Languedoc-Roussillon;Occitanie
Languedoc-Roussillon;Occitanie
Rhône-Alpes;Auvergne - Rhône-Alpes
Bretagne;Bretagne
Franche-Comté;Bourgogne - Franche-Comté
Franche-Comté;Bourgogne - Franche-Comté
Alsace;Grand-Est
Auvergne;Auvergne - Rhône-Alpes
Ile-de-France;Ile-de-France
Midi-Pyrénées;Occitanie
Alsace;Grand-Est
Bretagne;Bretagne
Lorraine;Grand-Est
Ile-de-France;Ile-de-France
Haute-Normandie;Normandie
Nord-Pas-de-Calais;Hauts-de-France
Ile-de-France;Ile-de-France
Limousin;Nouvelle Aquitaine
Rhône-Alpes;Auvergne - Rhône-Alpes
Provence-Alpes-Côte-d'Azur;Provence-Alpes-Côte-d'Azur
Poitou-Charentes;Nouvelle Aquitaine
Centre;Centre - Val-de-Loire
Provence-Alpes-Côte-d'Azur;Provence-Alpes-Côte-d'Azur
Centre;Centre - Val-de-Loire
Centre;Centre - Val-de-Loire
Ile-de-France;Ile-de-France
Midi-Pyrénées;Occitanie
Aquitaine;Nouvelle Aquitaine
Aquitaine;Nouvelle Aquitaine
Rhône-Alpes;Auvergne - Rhône-Alpes
Limousin;Nouvelle Aquitaine
Lorraine;Grand-Est
Aquitaine;Nouvelle Aquitaine
Rhône-Alpes;Auvergne - Rhône-Alpes
Ile-de-France;Ile-de-France
Bretagne;Bretagne
Picardie;Hauts-de-France
Rhône-Alpes;Auvergne - Rhône-Alpes
Bretagne;Bretagne
Pays de la Loire;Pays de la Loire
Corse;Corse
Ile-de-France;Ile-de-France
Corse;Corse
Provence-Alpes-Côte-d'Azur;Provence-Alpes-Côte-d'Azur
Ile-de-France;Ile-de-France
Ile-de-France;Ile-de-France
Auvergne;Auvergne - Rhône-Alpes
Alsace;Grand-Est
Rhône-Alpes;Auvergne - Rhône-Alpes
Lorraine;Grand-Est
Bretagne;Bretagne
Aquitaine;Nouvelle Aquitaine
Alsace;Grand-Est
Bretagne;Bretagne
Provence-Alpes-Côte-d'Azur;Provence-Alpes-Côte-d'Azur
Poitou-Charentes;Nouvelle Aquitaine
Picardie;Hauts-de-France
Rhône-Alpes;Auvergne - Rhône-Alpes
Pays de la Loire;Pays de la Loire
Pays de la Loire;Pays de la Loire
Rhône-Alpes;Auvergne - Rhône-Alpes
Provence-Alpes-Côte-d'Azur;Provence-Alpes-Côte-d'Azur
Provence-Alpes-Côte-d'Azur;Provence-Alpes-Côte-d'Azur
Centre;Centre - Val-de-Loire
Basse-Normandie;Normandie
Centre;Centre - Val-de-Loire
Provence-Alpes-Côte-d'Azur;Provence-Alpes-Côte-d'Azur
Aquitaine;Nouvelle Aquitaine
Alsace;Grand-Est
Alsace;Grand-Est
Ile-de-France;Ile-de-France
Poitou-Charentes;Nouvelle Aquitaine
Midi-Pyrénées;Occitanie
Basse-Normandie;Normandie
Provence-Alpes-Côte-d'Azur;Provence-Alpes-Côte-d'Azur
Pays de la Loire;Pays de la Loire
Pays de la Loire;Pays de la Loire
Provence-Alpes-Côte-d'Azur;Provence-Alpes-Côte-d'Azur
Champagne-Ardenne;Grand-Est
Pays de la Loire;Pays de la Loire
Auvergne;Auvergne - Rhône-Alpes
Ile-de-France;Ile-de-France
Midi-Pyrénées;Occitanie
Poitou-Charentes;Nouvelle Aquitaine
Rhône-Alpes;Auvergne - Rhône-Alpes
Bretagne;Bretagne
Picardie;Hauts-de-France
Aquitaine;Nouvelle Aquitaine
Pays de la Loire;Pays de la Loire
Pays de la Loire;Pays de la Loire
Bourgogne;Bourgogne - Franche-Comté
Poitou-Charentes;Nouvelle Aquitaine
Rhône-Alpes;Auvergne - Rhône-Alpes
Aquitaine;Nouvelle Aquitaine
Aquitaine;Nouvelle Aquitaine
Rhône-Alpes;Auvergne - Rhône-Alpes
Languedoc-Roussillon;Occitanie
Midi-Pyrénées;Occitanie
Bretagne;Bretagne
Bretagne;Bretagne
Pays de la Loire;Pays de la Loire
Pays de la Loire;Pays de la Loire
Aquitaine;Nouvelle Aquitaine
Nord-Pas-de-Calais;Hauts-de-France
Ile-de-France;Ile-de-France
Languedoc-Roussillon;Occitanie
Rhône-Alpes;Auvergne - Rhône-Alpes
Centre;Centre - Val-de-Loire
Auvergne;Auvergne - Rhône-Alpes
Provence-Alpes-Côte-d'Azur;Provence-Alpes-Côte-d'Azur
Provence-Alpes-Côte-d'Azur;Provence-Alpes-Côte-d'Azur
Haute-Normandie;Normandie
Rhône-Alpes;Auvergne - Rhône-Alpes
Limousin;Nouvelle Aquitaine
Pays de la Loire;Pays de la Loire
Rhône-Alpes;Auvergne - Rhône-Alpes
Midi-Pyrénées;Occitanie
Ile-de-France;Ile-de-France
Nord-Pas-de-Calais;Hauts-de-France
Picardie;Hauts-de-France
Aquitaine;Nouvelle Aquitaine
Aquitaine;Nouvelle Aquitaine
Alsace;Grand-Est
Rhône-Alpes;Auvergne - Rhône-Alpes
Picardie;Hauts-de-France
Nord-Pas-de-Calais;Hauts-de-France
Lorraine;Grand-Est
Midi-Pyrénées;Occitanie
Nord-Pas-de-Calais;Hauts-de-France
Midi-Pyrénées;Occitanie
Centre;Centre - Val-de-Loire
Bretagne;Bretagne
Haute-Normandie;Normandie
Champagne-Ardenne;Grand-Est
Pays de la Loire;Pays de la Loire
Rhône-Alpes;Auvergne - Rhône-Alpes
Alsace;Grand-Est
Aquitaine;Nouvelle Aquitaine
Ile-de-France;Ile-de-France
Haute-Normandie;Normandie
Midi-Pyrénées;Occitanie
Rhône-Alpes;Auvergne - Rhône-Alpes
Bretagne;Bretagne
Rhône-Alpes;Auvergne - Rhône-Alpes
Centre;Centre - Val-de-Loire
Rhône-Alpes;Auvergne - Rhône-Alpes
Pays de la Loire;Pays de la Loire
Rhône-Alpes;Auvergne - Rhône-Alpes
Rhône-Alpes;Auvergne - Rhône-Alpes
Rhône-Alpes;Auvergne - Rhône-Alpes
Nord-Pas-de-Calais;Hauts-de-France
Ile-de-France;Ile-de-France
Lorraine;Grand-Est
Ile-de-France;Ile-de-France
Bretagne;Bretagne
Rhône-Alpes;Auvergne - Rhône-Alpes
Lorraine;Grand-Est
Pays de la Loire;Pays de la Loire
Rhône-Alpes;Auvergne - Rhône-Alpes
Rhône-Alpes;Auvergne - Rhône-Alpes
Poitou-Charentes;Nouvelle Aquitaine
Corse;Corse
Franche-Comté;Bourgogne - Franche-Comté
Aquitaine;Nouvelle Aquitaine
Midi-Pyrénées;Occitanie
Alsace;Grand-Est
Rhône-Alpes;Auvergne - Rhône-Alpes
Rhône-Alpes;Auvergne - Rhône-Alpes
Aquitaine;Nouvelle Aquitaine
Auvergne;Auvergne - Rhône-Alpes
Provence-Alpes-Côte-d'Azur;Provence-Alpes-Côte-d'Azur
Provence-Alpes-Côte-d'Azur;Provence-Alpes-Côte-d'Azur
Midi-Pyrénées;Occitanie
Rhône-Alpes;Auvergne - Rhône-Alpes
Ile-de-France;Ile-de-France
Ile-de-France;Ile-de-France
Ile-de-France;Ile-de-France
Ile-de-France;Ile-de-France
Ile-de-France;Ile-de-France
Ile-de-France;Ile-de-France
Ile-de-France;Ile-de-France
Ile-de-France;Ile-de-France
Ile-de-France;Ile-de-France
Ile-de-France;Ile-de-France
Ile-de-France;Ile-de-France
Ile-de-France;Ile-de-France
Ile-de-France;Ile-de-France
Ile-de-France;Ile-de-France
Ile-de-France;Ile-de-France
Ile-de-France;Ile-de-France
Ile-de-France;Ile-de-France
Ile-de-France;Ile-de-France
Picardie;Hauts-de-France
Ile-de-France;Ile-de-France
Centre;Centre - Val-de-Loire
Nord-Pas-de-Calais;Hauts-de-France
Rhône-Alpes;Auvergne - Rhône-Alpes
Pays de la Loire;Pays de la Loire
Corse;Corse
Corse;Corse
Picardie;Hauts-de-France
Rhône-Alpes;Auvergne - Rhône-Alpes
Rhône-Alpes;Auvergne - Rhône-Alpes
Auvergne;Auvergne - Rhône-Alpes
Lorraine;Grand-Est
Haute-Normandie;Normandie
Pays de la Loire;Pays de la Loire
Pays de la Loire;Pays de la Loire
Bourgogne;Bourgogne - Franche-Comté
Provence-Alpes-Côte-d'Azur;Provence-Alpes-Côte-d'Azur
Ile-de-France;Ile-de-France
Provence-Alpes-Côte-d'Azur;Provence-Alpes-Côte-d'Azur
Centre;Centre - Val-de-Loire
Nord-Pas-de-Calais;Hauts-de-France
Aquitaine;Nouvelle Aquitaine
Provence-Alpes-Côte-d'Azur;Provence-Alpes-Côte-d'Azur
Auvergne;Auvergne - Rhône-Alpes
Auvergne;Auvergne - Rhône-Alpes
Rhône-Alpes;Auvergne - Rhône-Alpes
Provence-Alpes-Côte-d'Azur;Provence-Alpes-Côte-d'Azur
Midi-Pyrénées;Occitanie
Languedoc-Roussillon;Occitanie
Languedoc-Roussillon;Occitanie
Champagne-Ardenne;Grand-Est
Corse;Corse
Aquitaine;Nouvelle Aquitaine
Provence-Alpes-Côte-d'Azur;Provence-Alpes-Côte-d'Azur
Nord-Pas-de-Calais;Hauts-de-France
Rhône-Alpes;Auvergne - Rhône-Alpes
Rhône-Alpes;Auvergne - Rhône-Alpes
Franche-Comté;Bourgogne - Franche-Comté
Provence-Alpes-Côte-d'Azur;Provence-Alpes-Côte-d'Azur
Bretagne;Bretagne
Pays de la Loire;Pays de la Loire
Aquitaine;Nouvelle Aquitaine
Aquitaine;Nouvelle Aquitaine
Rhône-Alpes;Auvergne - Rhône-Alpes
Ile-de-France;Ile-de-France
Midi-Pyrénées;Occitanie
Ile-de-France;Ile-de-France
Languedoc-Roussillon;Occitanie
Centre;Centre - Val-de-Loire
Ile-de-France;Ile-de-France
Nord-Pas-de-Calais;Hauts-de-France
Ile-de-France;Ile-de-France
Bretagne;Bretagne
Ile-de-France;Ile-de-France
Nord-Pas-de-Calais;Hauts-de-France
Aquitaine;Nouvelle Aquitaine
Ile-de-France;Ile-de-France
Basse-Normandie;Normandie
Rhône-Alpes;Auvergne - Rhône-Alpes
Pays de la Loire;Pays de la Loire
Aquitaine;Nouvelle Aquitaine
Provence-Alpes-Côte-d'Azur;Provence-Alpes-Côte-d'Azur
Aquitaine;Nouvelle Aquitaine
Midi-Pyrénées;Occitanie
Haute-Normandie;Normandie
Provence-Alpes-Côte-d'Azur;Provence-Alpes-Côte-d'Azur
Midi-Pyrénées;Occitanie
Midi-Pyrénées;Occitanie
Languedoc-Roussillon;Occitanie
Languedoc-Roussillon;Occitanie
Aquitaine;Nouvelle Aquitaine
Champagne-Ardenne;Grand-Est
Rhône-Alpes;Auvergne - Rhône-Alpes
Picardie;Hauts-de-France
Auvergne;Auvergne - Rhône-Alpes
Ile-de-France;Ile-de-France
Provence-Alpes-Côte-d'Azur;Provence-Alpes-Côte-d'Azur
Bretagne;Bretagne
Provence-Alpes-Côte-d'Azur;Provence-Alpes-Côte-d'Azur
Ile-de-France;Ile-de-France
Centre;Centre - Val-de-Loire
Rhône-Alpes;Auvergne - Rhône-Alpes
Ile-de-France;Ile-de-France
Basse-Normandie;Normandie
Ile-de-France;Ile-de-France
Centre;Centre - Val-de-Loire
Provence-Alpes-Côte-d'Azur;Provence-Alpes-Côte-d'Azur
Languedoc-Roussillon;Occitanie
Auvergne;Auvergne - Rhône-Alpes
Auvergne;Auvergne - Rhône-Alpes
Rhône-Alpes;Auvergne - Rhône-Alpes
Bretagne;Bretagne
Bretagne;Bretagne
Midi-Pyrénées;Occitanie
Corse;Corse
Picardie;Hauts-de-France
Corse;Corse
Nord-Pas-de-Calais;Hauts-de-France
Basse-Normandie;Normandie
Aquitaine;Nouvelle Aquitaine
Rhône-Alpes;Auvergne - Rhône-Alpes
Pays de la Loire;Pays de la Loire
Rhône-Alpes;Auvergne - Rhône-Alpes
Ile-de-France;Ile-de-France
Centre;Centre - Val-de-Loire
Rhône-Alpes;Auvergne - Rhône-Alpes
Franche-Comté;Bourgogne - Franche-Comté
Rhône-Alpes;Auvergne - Rhône-Alpes
Basse-Normandie;Normandie
Auvergne;Auvergne - Rhône-Alpes
Pays de la Loire;Pays de la Loire
Basse-Normandie;Normandie
Rhône-Alpes;Auvergne - Rhône-Alpes
Ile-de-France;Ile-de-France
Haute-Normandie;Normandie
Provence-Alpes-Côte-d'Azur;Provence-Alpes-Côte-d'Azur
Ile-de-France;Ile-de-France
Rhône-Alpes;Auvergne - Rhône-Alpes
Centre;Centre - Val-de-Loire
Basse-Normandie;Normandie
Bretagne;Bretagne
Basse-Normandie;Normandie
Haute-Normandie;Normandie
Rhône-Alpes;Auvergne - Rhône-Alpes
Midi-Pyrénées;Occitanie
Midi-Pyrénées;Occitanie
Ile-de-France;Ile-de-France
Provence-Alpes-Côte-d'Azur;Provence-Alpes-Côte-d'Azur
Nord-Pas-de-Calais;Hauts-de-France
Provence-Alpes-Côte-d'Azur;Provence-Alpes-Côte-d'Azur
Languedoc-Roussillon;Occitanie
Auvergne;Auvergne - Rhône-Alpes
Provence-Alpes-Côte-d'Azur;Provence-Alpes-Côte-d'Azur
Ile-de-France;Ile-de-France
Aquitaine;Nouvelle Aquitaine
Ile-de-France;Ile-de-France
Midi-Pyrénées;Occitanie
Ile-de-France;Ile-de-France
Haute-Normandie;Normandie
Midi-Pyrénées;Occitanie
Rhône-Alpes;Auvergne - Rhône-Alpes
Rhône-Alpes;Auvergne - Rhône-Alpes
Alsace;Grand-Est
Bretagne;Bretagne
Bretagne;Bretagne
Limousin;Nouvelle Aquitaine
Provence-Alpes-Côte-d'Azur;Provence-Alpes-Côte-d'Azur
Picardie;Hauts-de-France
Aquitaine;Nouvelle Aquitaine
Nord-Pas-de-Calais;Hauts-de-France
Rhône-Alpes;Auvergne - Rhône-Alpes
Basse-Normandie;Normandie
Pays de la Loire;Pays de la Loire
Picardie;Hauts-de-France
Provence-Alpes-Côte-d'Azur;Provence-Alpes-Côte-d'Azur
Pays de la Loire;Pays de la Loire
Ile-de-France;Ile-de-France
Ile-de-France;Ile-de-France
Alsace;Grand-Est
Nord-Pas-de-Calais;Hauts-de-France
Rhône-Alpes;Auvergne - Rhône-Alpes
Aquitaine;Nouvelle Aquitaine
Aquitaine;Nouvelle Aquitaine
Rhône-Alpes;Auvergne - Rhône-Alpes
Picardie;Hauts-de-France
Midi-Pyrénées;Occitanie
Midi-Pyrénées;Occitanie
Poitou-Charentes;Nouvelle Aquitaine
Languedoc-Roussillon;Occitanie
Ile-de-France;Ile-de-France
Basse-Normandie;Normandie
Ile-de-France;Ile-de-France
Nord-Pas-de-Calais;Hauts-de-France
Lorraine;Grand-Est
Haute-Normandie;Normandie
Lorraine;Grand-Est
Rhône-Alpes;Auvergne - Rhône-Alpes
Rhône-Alpes;Auvergne - Rhône-Alpes
Rhône-Alpes;Auvergne - Rhône-Alpes
Rhône-Alpes;Auvergne - Rhône-Alpes
Ile-de-France;Ile-de-France
Pays de la Loire;Pays de la Loire
Midi-Pyrénées;Occitanie
Nord-Pas-de-Calais;Hauts-de-France
Poitou-Charentes;Nouvelle Aquitaine
Lorraine;Grand-Est
Provence-Alpes-Côte-d'Azur;Provence-Alpes-Côte-d'Azur
Provence-Alpes-Côte-d'Azur;Provence-Alpes-Côte-d'Azur
Provence-Alpes-Côte-d'Azur;Provence-Alpes-Côte-d'Azur
Provence-Alpes-Côte-d'Azur;Provence-Alpes-Côte-d'Azur
Pays de la Loire;Pays de la Loire
Midi-Pyrénées;Occitanie
Languedoc-Roussillon;Occitanie
Lorraine;Grand-Est
Midi-Pyrénées;Occitanie
Rhône-Alpes;Auvergne - Rhône-Alpes
Midi-Pyrénées;Occitanie
Pays de la Loire;Pays de la Loire
Picardie;Hauts-de-France
Midi-Pyrénées;Occitanie
Rhône-Alpes;Auvergne - Rhône-Alpes
Bourgogne;Bourgogne - Franche-Comté
Pays de la Loire;Pays de la Loire
Champagne-Ardenne;Grand-Est
Languedoc-Roussillon;Occitanie
Midi-Pyrénées;Occitanie
Ile-de-France;Ile-de-France
Rhône-Alpes;Auvergne - Rhône-Alpes
Rhône-Alpes;Auvergne - Rhône-Alpes
Basse-Normandie;Normandie
Provence-Alpes-Côte-d'Azur;Provence-Alpes-Côte-d'Azur
Auvergne;Auvergne - Rhône-Alpes
Alsace;Grand-Est
Aquitaine;Nouvelle Aquitaine
Lorraine;Grand-Est
Lorraine;Grand-Est
Lorraine;Grand-Est
Pays de la Loire;Pays de la Loire
Pays de la Loire;Pays de la Loire
Haute-Normandie;Normandie
Ile-de-France;Ile-de-France
Midi-Pyrénées;Occitanie
Pays de la Loire;Pays de la Loire
Haute-Normandie;Normandie
Centre;Centre - Val-de-Loire
Franche-Comté;Bourgogne - Franche-Comté
Picardie;Hauts-de-France
Basse-Normandie;Normandie
Bourgogne;Bourgogne - Franche-Comté
Bretagne;Bretagne
Provence-Alpes-Côte-d'Azur;Provence-Alpes-Côte-d'Azur
Provence-Alpes-Côte-d'Azur;Provence-Alpes-Côte-d'Azur
Aquitaine;Nouvelle Aquitaine
Picardie;Hauts-de-France
Bretagne;Bretagne
Languedoc-Roussillon;Occitanie
Midi-Pyrénées;Occitanie
Franche-Comté;Bourgogne - Franche-Comté
Bretagne;Bretagne
Bretagne;Bretagne
Bretagne;Bretagne
Ile-de-France;Ile-de-France
Ile-de-France;Ile-de-France
Pays de la Loire;Pays de la Loire
Basse-Normandie;Normandie
Picardie;Hauts-de-France
Pays de la Loire;Pays de la Loire
Aquitaine;Nouvelle Aquitaine
Bourgogne;Bourgogne - Franche-Comté
Pays de la Loire;Pays de la Loire
Pays de la Loire;Pays de la Loire
Provence-Alpes-Côte-d'Azur;Provence-Alpes-Côte-d'Azur
Bretagne;Bretagne
Bretagne;Bretagne
Bretagne;Bretagne
Bretagne;Bretagne
Basse-Normandie;Normandie
Provence-Alpes-Côte-d'Azur;Provence-Alpes-Côte-d'Azur
Rhône-Alpes;Auvergne - Rhône-Alpes
Poitou-Charentes;Nouvelle Aquitaine
Poitou-Charentes;Nouvelle Aquitaine
Ile-de-France;Ile-de-France
Champagne-Ardenne;Grand-Est
Provence-Alpes-Côte-d'Azur;Provence-Alpes-Côte-d'Azur
Ile-de-France;Ile-de-France
Nord-Pas-de-Calais;Hauts-de-France
Haute-Normandie;Normandie
Rhône-Alpes;Auvergne - Rhône-Alpes
Poitou-Charentes;Nouvelle Aquitaine
Poitou-Charentes;Nouvelle Aquitaine
Midi-Pyrénées;Occitanie
Aquitaine;Nouvelle Aquitaine
Bourgogne;Bourgogne - Franche-Comté
Champagne-Ardenne;Grand-Est
Lorraine;Grand-Est
Languedoc-Roussillon;Occitanie
Champagne-Ardenne;Grand-Est
Rhône-Alpes;Auvergne - Rhône-Alpes
Provence-Alpes-Côte-d'Azur;Provence-Alpes-Côte-d'Azur
Ile-de-France;Ile-de-France
Lorraine;Grand-Est
Alsace;Grand-Est
Rhône-Alpes;Auvergne - Rhône-Alpes
Ile-de-France;Ile-de-France
Bretagne;Bretagne
Aquitaine;Nouvelle Aquitaine
Lorraine;Grand-Est
Midi-Pyrénées;Occitanie
Provence-Alpes-Côte-d'Azur;Provence-Alpes-Côte-d'Azur
Lorraine;Grand-Est
Rhône-Alpes;Auvergne - Rhône-Alpes
Aquitaine;Nouvelle Aquitaine
Corse;Corse
Rhône-Alpes;Auvergne - Rhône-Alpes
Rhône-Alpes;Auvergne - Rhône-Alpes
Pays de la Loire;Pays de la Loire
Midi-Pyrénées;Occitanie
Rhône-Alpes;Auvergne - Rhône-Alpes
Rhône-Alpes;Auvergne - Rhône-Alpes
Rhône-Alpes;Auvergne - Rhône-Alpes
Pays de la Loire;Pays de la Loire
Rhône-Alpes;Auvergne - Rhône-Alpes
Provence-Alpes-Côte-d'Azur;Provence-Alpes-Côte-d'Azur
Ile-de-France;Ile-de-France
Provence-Alpes-Côte-d'Azur;Provence-Alpes-Côte-d'Azur
Bretagne;Bretagne
Picardie;Hauts-de-France
Ile-de-France;Ile-de-France
Aquitaine;Nouvelle Aquitaine
Poitou-Charentes;Nouvelle Aquitaine
Poitou-Charentes;Nouvelle Aquitaine
Pays de la Loire;Pays de la Loire
Midi-Pyrénées;Occitanie
Rhône-Alpes;Auvergne - Rhône-Alpes
Aquitaine;Nouvelle Aquitaine
Aquitaine;Nouvelle Aquitaine
Rhône-Alpes;Auvergne - Rhône-Alpes
Rhône-Alpes;Auvergne - Rhône-Alpes
Provence-Alpes-Côte-d'Azur;Provence-Alpes-Côte-d'Azur
Basse-Normandie;Normandie
Rhône-Alpes;Auvergne - Rhône-Alpes
Pays de la Loire;Pays de la Loire
Rhône-Alpes;Auvergne - Rhône-Alpes
Basse-Normandie;Normandie
Aquitaine;Nouvelle Aquitaine
Aquitaine;Nouvelle Aquitaine
Bourgogne;Bourgogne - Franche-Comté
Provence-Alpes-Côte-d'Azur;Provence-Alpes-Côte-d'Azur
Midi-Pyrénées;Occitanie
Midi-Pyrénées;Occitanie
Nord-Pas-de-Calais;Hauts-de-France
Provence-Alpes-Côte-d'Azur;Provence-Alpes-Côte-d'Azur
Rhône-Alpes;Auvergne - Rhône-Alpes
Bourgogne;Bourgogne - Franche-Comté
Ile-de-France;Ile-de-France
Rhône-Alpes;Auvergne - Rhône-Alpes
Limousin;Nouvelle Aquitaine
Lorraine;Grand-Est
Provence-Alpes-Côte-d'Azur;Provence-Alpes-Côte-d'Azur
Rhône-Alpes;Auvergne - Rhône-Alpes
Provence-Alpes-Côte-d'Azur;Provence-Alpes-Côte-d'Azur
Rhône-Alpes;Auvergne - Rhône-Alpes
Ile-de-France;Ile-de-France
Ile-de-France;Ile-de-France
Rhône-Alpes;Auvergne - Rhône-Alpes
Midi-Pyrénées;Occitanie
Aquitaine;Nouvelle Aquitaine
Alsace;Grand-Est
Lorraine;Grand-Est
Franche-Comté;Bourgogne - Franche-Comté
Pays de la Loire;Pays de la Loire
Rhône-Alpes;Auvergne - Rhône-Alpes
Ile-de-France;Ile-de-France
Midi-Pyrénées;Occitanie
Ile-de-France;Ile-de-France
Ile-de-France;Ile-de-France
Aquitaine;Nouvelle Aquitaine
Rhône-Alpes;Auvergne - Rhône-Alpes
Ile-de-France;Ile-de-France
Basse-Normandie;Normandie
Provence-Alpes-Côte-d'Azur;Provence-Alpes-Côte-d'Azur
Ile-de-France;Ile-de-France
Rhône-Alpes;Auvergne - Rhône-Alpes
Picardie;Hauts-de-France
Rhône-Alpes;Auvergne - Rhône-Alpes
Ile-de-France;Ile-de-France
Bourgogne;Bourgogne - Franche-Comté
Provence-Alpes-Côte-d'Azur;Provence-Alpes-Côte-d'Azur
Provence-Alpes-Côte-d'Azur;Provence-Alpes-Côte-d'Azur
Bretagne;Bretagne
Provence-Alpes-Côte-d'Azur;Provence-Alpes-Côte-d'Azur
Centre;Centre - Val-de-Loire
Provence-Alpes-Côte-d'Azur;Provence-Alpes-Côte-d'Azur
Aquitaine;Nouvelle Aquitaine
Rhône-Alpes;Auvergne - Rhône-Alpes
Centre;Centre - Val-de-Loire
Rhône-Alpes;Auvergne - Rhône-Alpes
Midi-Pyrénées;Occitanie
Ile-de-France;Ile-de-France
Ile-de-France;Ile-de-France
Ile-de-France;Ile-de-France
Ile-de-France;Ile-de-France
Ile-de-France;Ile-de-France
Ile-de-France;Ile-de-France
Ile-de-France;Ile-de-France
Ile-de-France;Ile-de-France
Ile-de-France;Ile-de-France
Ile-de-France;Ile-de-France
Ile-de-France;Ile-de-France
Ile-de-France;Ile-de-France
Ile-de-France;Ile-de-France
Ile-de-France;Ile-de-France
Ile-de-France;Ile-de-France
Ile-de-France;Ile-de-France
Rhône-Alpes;Auvergne - Rhône-Alpes
Aquitaine;Nouvelle Aquitaine
Provence-Alpes-Côte-d'Azur;Provence-Alpes-Côte-d'Azur
Languedoc-Roussillon;Occitanie
Rhône-Alpes;Auvergne - Rhône-Alpes
Provence-Alpes-Côte-d'Azur;Provence-Alpes-Côte-d'Azur
Alsace;Grand-Est
Centre;Centre - Val-de-Loire
Pays de la Loire;Pays de la Loire
Auvergne;Auvergne - Rhône-Alpes
Languedoc-Roussillon;Occitanie
Rhône-Alpes;Auvergne - Rhône-Alpes
Aquitaine;Nouvelle Aquitaine
Rhône-Alpes;Auvergne - Rhône-Alpes
Midi-Pyrénées;Occitanie
Basse-Normandie;Normandie
Bretagne;Bretagne
Midi-Pyrénées;Occitanie
Ile-de-France;Ile-de-France
Ile-de-France;Ile-de-France
Midi-Pyrénées;Occitanie
Midi-Pyrénées;Occitanie
Basse-Normandie;Normandie
Rhône-Alpes;Auvergne - Rhône-Alpes
Bourgogne;Bourgogne - Franche-Comté
Bourgogne;Bourgogne - Franche-Comté
Midi-Pyrénées;Occitanie
Nord-Pas-de-Calais;Hauts-de-France
Lorraine;Grand-Est
Nord-Pas-de-Calais;Hauts-de-France
Haute-Normandie;Normandie
Pays de la Loire;Pays de la Loire
Bretagne;Bretagne
Franche-Comté;Bourgogne - Franche-Comté
Basse-Normandie;Normandie
Centre;Centre - Val-de-Loire
Rhône-Alpes;Auvergne - Rhône-Alpes
Languedoc-Roussillon;Occitanie
Franche-Comté;Bourgogne - Franche-Comté
Franche-Comté;Bourgogne - Franche-Comté
Franche-Comté;Bourgogne - Franche-Comté
Ile-de-France;Ile-de-France
Midi-Pyrénées;Occitanie
Lorraine;Grand-Est
Picardie;Hauts-de-France
Ile-de-France;Ile-de-France
Aquitaine;Nouvelle Aquitaine
Limousin;Nouvelle Aquitaine
Nord-Pas-de-Calais;Hauts-de-France
Ile-de-France;Ile-de-France
Bourgogne;Bourgogne - Franche-Comté
Limousin;Nouvelle Aquitaine
Rhône-Alpes;Auvergne - Rhône-Alpes
Rhône-Alpes;Auvergne - Rhône-Alpes
Rhône-Alpes;Auvergne - Rhône-Alpes
Rhône-Alpes;Auvergne - Rhône-Alpes
Poitou-Charentes;Nouvelle Aquitaine
Provence-Alpes-Côte-d'Azur;Provence-Alpes-Côte-d'Azur
Basse-Normandie;Normandie
Limousin;Nouvelle Aquitaine
Basse-Normandie;Normandie
Midi-Pyrénées;Occitanie
Provence-Alpes-Côte-d'Azur;Provence-Alpes-Côte-d'Azur
Pays de la Loire;Pays de la Loire
Provence-Alpes-Côte-d'Azur;Provence-Alpes-Côte-d'Azur
Provence-Alpes-Côte-d'Azur;Provence-Alpes-Côte-d'Azur
Provence-Alpes-Côte-d'Azur;Provence-Alpes-Côte-d'Azur
Haute-Normandie;Normandie
Aquitaine;Nouvelle Aquitaine
Provence-Alpes-Côte-d'Azur;Provence-Alpes-Côte-d'Azur
Provence-Alpes-Côte-d'Azur;Provence-Alpes-Côte-d'Azur
Nord-Pas-de-Calais;Hauts-de-France
Provence-Alpes-Côte-d'Azur;Provence-Alpes-Côte-d'Azur
Provence-Alpes-Côte-d'Azur;Provence-Alpes-Côte-d'Azur
Pays de la Loire;Pays de la Loire
Rhône-Alpes;Auvergne - Rhône-Alpes
Pays de la Loire;Pays de la Loire
Bourgogne;Bourgogne - Franche-Comté
Ile-de-France;Ile-de-France
Centre;Centre - Val-de-Loire
Pays de la Loire;Pays de la Loire
Bretagne;Bretagne
Centre;Centre - Val-de-Loire
Lorraine;Grand-Est
Rhône-Alpes;Auvergne - Rhône-Alpes
Poitou-Charentes;Nouvelle Aquitaine
Ile-de-France;Ile-de-France
Poitou-Charentes;Nouvelle Aquitaine
Ile-de-France;Ile-de-France
Rhône-Alpes;Auvergne - Rhône-Alpes
Ile-de-France;Ile-de-France
Pays de la Loire;Pays de la Loire
Provence-Alpes-Côte-d'Azur;Provence-Alpes-Côte-d'Azur
Midi-Pyrénées;Occitanie
Rhône-Alpes;Auvergne - Rhône-Alpes
Picardie;Hauts-de-France
Auvergne;Auvergne - Rhône-Alpes
Pays de la Loire;Pays de la Loire
Bourgogne;Bourgogne - Franche-Comté
Rhône-Alpes;Auvergne - Rhône-Alpes
Rhône-Alpes;Auvergne - Rhône-Alpes
Provence-Alpes-Côte-d'Azur;Provence-Alpes-Côte-d'Azur
Ile-de-France;Ile-de-France
Auvergne;Auvergne - Rhône-Alpes
Basse-Normandie;Normandie
Ile-de-France;Ile-de-France
Ile-de-France;Ile-de-France
Ile-de-France;Ile-de-France
Auvergne;Auvergne - Rhône-Alpes
Rhône-Alpes;Auvergne - Rhône-Alpes
Ile-de-France;Ile-de-France
Bourgogne;Bourgogne - Franche-Comté
Bretagne;Bretagne
Franche-Comté;Bourgogne - Franche-Comté
Basse-Normandie;Normandie
Bourgogne;Bourgogne - Franche-Comté
Alsace;Grand-Est
Alsace;Grand-Est
Nord-Pas-de-Calais;Hauts-de-France
Nord-Pas-de-Calais;Hauts-de-France
Bretagne;Bretagne
Ile-de-France;Ile-de-France
Nord-Pas-de-Calais;Hauts-de-France
Limousin;Nouvelle Aquitaine
Ile-de-France;Ile-de-France
Franche-Comté;Bourgogne - Franche-Comté
Midi-Pyrénées;Occitanie
Pays de la Loire;Pays de la Loire
Alsace;Grand-Est
Bretagne;Bretagne
Pays de la Loire;Pays de la Loire
Basse-Normandie;Normandie
Pays de la Loire;Pays de la Loire
Basse-Normandie;Normandie
Poitou-Charentes;Nouvelle Aquitaine
Pays de la Loire;Pays de la Loire
Ile-de-France;Ile-de-France
Languedoc-Roussillon;Occitanie
Rhône-Alpes;Auvergne - Rhône-Alpes
Ile-de-France;Ile-de-France
Corse;Corse
Basse-Normandie;Normandie
Provence-Alpes-Côte-d'Azur;Provence-Alpes-Côte-d'Azur
Provence-Alpes-Côte-d'Azur;Provence-Alpes-Côte-d'Azur
Poitou-Charentes;Nouvelle Aquitaine
Bourgogne;Bourgogne - Franche-Comté
Ile-de-France;Ile-de-France
Centre;Centre - Val-de-Loire
Midi-Pyrénées;Occitanie
Pays de la Loire;Pays de la Loire
Bretagne;Bretagne
Languedoc-Roussillon;Occitanie
Rhône-Alpes;Auvergne - Rhône-Alpes
Aquitaine;Nouvelle Aquitaine
Rhône-Alpes;Auvergne - Rhône-Alpes
Bretagne;Bretagne
Aquitaine;Nouvelle Aquitaine
Aquitaine;Nouvelle Aquitaine
Basse-Normandie;Normandie
Aquitaine;Nouvelle Aquitaine
Pays de la Loire;Pays de la Loire
Basse-Normandie;Normandie
Bretagne;Bretagne
Rhône-Alpes;Auvergne - Rhône-Alpes
Rhône-Alpes;Auvergne - Rhône-Alpes
Centre;Centre - Val-de-Loire
Basse-Normandie;Normandie
Midi-Pyrénées;Occitanie
Bretagne;Bretagne
Picardie;Hauts-de-France
Lorraine;Grand-Est
Centre;Centre - Val-de-Loire
Midi-Pyrénées;Occitanie
Rhône-Alpes;Auvergne - Rhône-Alpes
Languedoc-Roussillon;Occitanie
Centre;Centre - Val-de-Loire
Bretagne;Bretagne
Picardie;Hauts-de-France
Pays de la Loire;Pays de la Loire
Provence-Alpes-Côte-d'Azur;Provence-Alpes-Côte-d'Azur
Midi-Pyrénées;Occitanie
Aquitaine;Nouvelle Aquitaine
Aquitaine;Nouvelle Aquitaine
Ile-de-France;Ile-de-France
Ile-de-France;Ile-de-France
Nord-Pas-de-Calais;Hauts-de-France
Limousin;Nouvelle Aquitaine
Limousin;Nouvelle Aquitaine
Limousin;Nouvelle Aquitaine
Languedoc-Roussillon;Occitanie
Languedoc-Roussillon;Occitanie
Rhône-Alpes;Auvergne - Rhône-Alpes
Poitou-Charentes;Nouvelle Aquitaine
Midi-Pyrénées;Occitanie
Midi-Pyrénées;Occitanie
Midi-Pyrénées;Occitanie
Languedoc-Roussillon;Occitanie
Franche-Comté;Bourgogne - Franche-Comté
Rhône-Alpes;Auvergne - Rhône-Alpes
Rhône-Alpes;Auvergne - Rhône-Alpes
Rhône-Alpes;Auvergne - Rhône-Alpes
Ile-de-France;Ile-de-France
Pays de la Loire;Pays de la Loire
Provence-Alpes-Côte-d'Azur;Provence-Alpes-Côte-d'Azur
Ile-de-France;Ile-de-France
Provence-Alpes-Côte-d'Azur;Provence-Alpes-Côte-d'Azur
Bourgogne;Bourgogne - Franche-Comté
Poitou-Charentes;Nouvelle Aquitaine
Ile-de-France;Ile-de-France
Aquitaine;Nouvelle Aquitaine
Ile-de-France;Ile-de-France
Nord-Pas-de-Calais;Hauts-de-France
Centre;Centre - Val-de-Loire
Limousin;Nouvelle Aquitaine
Rhône-Alpes;Auvergne - Rhône-Alpes
Languedoc-Roussillon;Occitanie
Provence-Alpes-Côte-d'Azur;Provence-Alpes-Côte-d'Azur
Provence-Alpes-Côte-d'Azur;Provence-Alpes-Côte-d'Azur
Auvergne;Auvergne - Rhône-Alpes
Provence-Alpes-Côte-d'Azur;Provence-Alpes-Côte-d'Azur
Rhône-Alpes;Auvergne - Rhône-Alpes
Auvergne;Auvergne - Rhône-Alpes
Ile-de-France;Ile-de-France
Rhône-Alpes;Auvergne - Rhône-Alpes
Aquitaine;Nouvelle Aquitaine
Rhône-Alpes;Auvergne - Rhône-Alpes
Ile-de-France;Ile-de-France
Lorraine;Grand-Est
Rhône-Alpes;Auvergne - Rhône-Alpes
Ile-de-France;Ile-de-France
Aquitaine;Nouvelle Aquitaine
Pays de la Loire;Pays de la Loire
Pays de la Loire;Pays de la Loire
Bourgogne;Bourgogne - Franche-Comté
Haute-Normandie;Normandie
Ile-de-France;Ile-de-France
Provence-Alpes-Côte-d'Azur;Provence-Alpes-Côte-d'Azur
Aquitaine;Nouvelle Aquitaine
Bretagne;Bretagne
Languedoc-Roussillon;Occitanie
Ile-de-France;Ile-de-France
Ile-de-France;Ile-de-France
Rhône-Alpes;Auvergne - Rhône-Alpes
Languedoc-Roussillon;Occitanie
Lorraine;Grand-Est
Provence-Alpes-Côte-d'Azur;Provence-Alpes-Côte-d'Azur
Rhône-Alpes;Auvergne - Rhône-Alpes
Basse-Normandie;Normandie
Centre;Centre - Val-de-Loire
Bretagne;Bretagne
Bretagne;Bretagne
Lorraine;Grand-Est
Poitou-Charentes;Nouvelle Aquitaine
Pays de la Loire;Pays de la Loire
Poitou-Charentes;Nouvelle Aquitaine
Haute-Normandie;Normandie
Rhône-Alpes;Auvergne - Rhône-Alpes
Franche-Comté;Bourgogne - Franche-Comté
Languedoc-Roussillon;Occitanie
Pays de la Loire;Pays de la Loire
Pays de la Loire;Pays de la Loire
Provence-Alpes-Côte-d'Azur;Provence-Alpes-Côte-d'Azur
Provence-Alpes-Côte-d'Azur;Provence-Alpes-Côte-d'Azur
Provence-Alpes-Côte-d'Azur;Provence-Alpes-Côte-d'Azur
Rhône-Alpes;Auvergne - Rhône-Alpes
Bourgogne;Bourgogne - Franche-Comté
Midi-Pyrénées;Occitanie
Midi-Pyrénées;Occitanie
Bretagne;Bretagne
Champagne-Ardenne;Grand-Est
Bretagne;Bretagne
Midi-Pyrénées;Occitanie
Alsace;Grand-Est
Midi-Pyrénées;Occitanie
Auvergne;Auvergne - Rhône-Alpes
Auvergne;Auvergne - Rhône-Alpes
Ile-de-France;Ile-de-France
Rhône-Alpes;Auvergne - Rhône-Alpes
Rhône-Alpes;Auvergne - Rhône-Alpes
Poitou-Charentes;Nouvelle Aquitaine
Poitou-Charentes;Nouvelle Aquitaine
Poitou-Charentes;Nouvelle Aquitaine
Midi-Pyrénées;Occitanie
Rhône-Alpes;Auvergne - Rhône-Alpes
Rhône-Alpes;Auvergne - Rhône-Alpes
Bretagne;Bretagne
Centre;Centre - Val-de-Loire
Bretagne;Bretagne
Haute-Normandie;Normandie
Haute-Normandie;Normandie
Ile-de-France;Ile-de-France
Rhône-Alpes;Auvergne - Rhône-Alpes
Provence-Alpes-Côte-d'Azur;Provence-Alpes-Côte-d'Azur
Provence-Alpes-Côte-d'Azur;Provence-Alpes-Côte-d'Azur
Lorraine;Grand-Est
Pays de la Loire;Pays de la Loire
Pays de la Loire;Pays de la Loire
Ile-de-France;Ile-de-France
Bourgogne;Bourgogne - Franche-Comté
Rhône-Alpes;Auvergne - Rhône-Alpes
Picardie;Hauts-de-France
Corse;Corse
Nord-Pas-de-Calais;Hauts-de-France
Alsace;Grand-Est
Ile-de-France;Ile-de-France
Aquitaine;Nouvelle Aquitaine
Rhône-Alpes;Auvergne - Rhône-Alpes
Languedoc-Roussillon;Occitanie
Ile-de-France;Ile-de-France
Ile-de-France;Ile-de-France
Rhône-Alpes;Auvergne - Rhône-Alpes
Rhône-Alpes;Auvergne - Rhône-Alpes
Ile-de-France;Ile-de-France
Centre;Centre - Val-de-Loire
Rhône-Alpes;Auvergne - Rhône-Alpes
Poitou-Charentes;Nouvelle Aquitaine
Ile-de-France;Ile-de-France
Poitou-Charentes;Nouvelle Aquitaine
Rhône-Alpes;Auvergne - Rhône-Alpes
Auvergne;Auvergne - Rhône-Alpes
Rhône-Alpes;Auvergne - Rhône-Alpes
Aquitaine;Nouvelle Aquitaine
Aquitaine;Nouvelle Aquitaine
Basse-Normandie;Normandie
Alsace;Grand-Est
Provence-Alpes-Côte-d'Azur;Provence-Alpes-Côte-d'Azur
Rhône-Alpes;Auvergne - Rhône-Alpes
Rhône-Alpes;Auvergne - Rhône-Alpes
Rhône-Alpes;Auvergne - Rhône-Alpes
Ile-de-France;Ile-de-France
Provence-Alpes-Côte-d'Azur;Provence-Alpes-Côte-d'Azur
Pays de la Loire;Pays de la Loire
Corse;Corse
Provence-Alpes-Côte-d'Azur;Provence-Alpes-Côte-d'Azur
Pays de la Loire;Pays de la Loire
Bretagne;Bretagne
Bretagne;Bretagne
Bretagne;Bretagne
Centre;Centre - Val-de-Loire
Ile-de-France;Ile-de-France
Auvergne;Auvergne - Rhône-Alpes
Lorraine;Grand-Est
Rhône-Alpes;Auvergne - Rhône-Alpes
Rhône-Alpes;Auvergne - Rhône-Alpes
Bourgogne;Bourgogne - Franche-Comté
Midi-Pyrénées;Occitanie
Nord-Pas-de-Calais;Hauts-de-France
Midi-Pyrénées;Occitanie
Rhône-Alpes;Auvergne - Rhône-Alpes
Pays de la Loire;Pays de la Loire
Ile-de-France;Ile-de-France
Poitou-Charentes;Nouvelle Aquitaine
Ile-de-France;Ile-de-France
Ile-de-France;Ile-de-France
Rhône-Alpes;Auvergne - Rhône-Alpes
Limousin;Nouvelle Aquitaine
Franche-Comté;Bourgogne - Franche-Comté
Provence-Alpes-Côte-d'Azur;Provence-Alpes-Côte-d'Azur
Rhône-Alpes;Auvergne - Rhône-Alpes
Bretagne;Bretagne
Ile-de-France;Ile-de-France
Rhône-Alpes;Auvergne - Rhône-Alpes
Provence-Alpes-Côte-d'Azur;Provence-Alpes-Côte-d'Azur
Rhône-Alpes;Auvergne - Rhône-Alpes
Ile-de-France;Ile-de-France
Haute-Normandie;Normandie
Midi-Pyrénées;Occitanie
Midi-Pyrénées;Occitanie
Languedoc-Roussillon;Occitanie
Basse-Normandie;Normandie
Rhône-Alpes;Auvergne - Rhône-Alpes
Provence-Alpes-Côte-d'Azur;Provence-Alpes-Côte-d'Azur
Midi-Pyrénées;Occitanie
Aquitaine;Nouvelle Aquitaine
Nord-Pas-de-Calais;Hauts-de-France
Nord-Pas-de-Calais;Hauts-de-France
Picardie;Hauts-de-France
Basse-Normandie;Normandie
Ile-de-France;Ile-de-France
Provence-Alpes-Côte-d'Azur;Provence-Alpes-Côte-d'Azur
Provence-Alpes-Côte-d'Azur;Provence-Alpes-Côte-d'Azur
Lorraine;Grand-Est
Champagne-Ardenne;Grand-Est
Auvergne;Auvergne - Rhône-Alpes
Haute-Normandie;Normandie
Provence-Alpes-Côte-d'Azur;Provence-Alpes-Côte-d'Azur
Aquitaine;Nouvelle Aquitaine
Languedoc-Roussillon;Occitanie
Pays de la Loire;Pays de la Loire
Pays de la Loire;Pays de la Loire
Provence-Alpes-Côte-d'Azur;Provence-Alpes-Côte-d'Azur
Languedoc-Roussillon;Occitanie
Ile-de-France;Ile-de-France
Auvergne;Auvergne - Rhône-Alpes
Ile-de-France;Ile-de-France
Aquitaine;Nouvelle Aquitaine
Aquitaine;Nouvelle Aquitaine
Rhône-Alpes;Auvergne - Rhône-Alpes
Corse;Corse
Bourgogne;Bourgogne - Franche-Comté
Ile-de-France;Ile-de-France
Ile-de-France;Ile-de-France
Bretagne;Bretagne
Ile-de-France;Ile-de-France
Ile-de-France;Ile-de-France
